Device_ID,CPU_Usage (%),Memory_Usage (%),Battery_Level (%),Server_ID,CPU_Capacity (%),Available_Memory (%),Network_Latency (ms),Task_Type,Task_Complexity,Data_Size (MB),Offloading_Decision,Network_Type,Location,User_Preference
1,61,83,49,2,64,85,20,Sensor,Medium,3,0,4G,Outdoor,Low Latency
2,85,83,5,2,99,59,35,Image,Medium,8,0,4G,Indoor,Low Latency
3,25,78,86,5,55,55,26,Video,High,10,1,4G,Outdoor,Low Latency
4,28,11,73,3,97,96,45,Video,Low,6,1,4G,Outdoor,Low Latency
5,82,76,10,1,85,65,20,Image,Low,10,0,WiFi,Outdoor,Low Latency
6,6,32,60,5,81,80,29,Image,Low,3,0,4G,Indoor,Low Latency
7,71,90,66,2,55,58,11,Image,High,7,1,5G,Indoor,Low Latency
8,13,70,53,4,97,67,15,Sensor,Medium,7,1,4G,Outdoor,Low Latency
9,53,11,90,1,92,56,47,Image,High,9,0,5G,Indoor,Low Latency
10,100,8,72,1,76,99,11,Video,Medium,4,1,4G,Indoor,Low Latency
11,44,1,91,4,63,66,45,Image,Low,1,0,WiFi,Outdoor,Energy Efficiency
12,51,32,59,5,55,78,8,Sensor,Medium,8,1,4G,Indoor,Energy Efficiency
13,59,79,41,5,86,81,20,Image,High,4,1,5G,Indoor,Low Latency
14,18,97,34,5,59,62,49,Image,High,10,1,4G,Indoor,Energy Efficiency
15,100,88,75,1,92,73,40,Image,Medium,10,0,5G,Outdoor,Energy Efficiency
16,92,55,22,3,97,75,34,Video,Low,9,1,5G,Outdoor,Energy Efficiency
17,71,70,70,4,61,71,23,Image,Medium,8,0,5G,Outdoor,Energy Efficiency
18,13,41,0,5,73,87,27,Video,Low,4,1,5G,Outdoor,Energy Efficiency
19,40,0,57,2,68,75,49,Video,Medium,3,0,4G,Outdoor,Low Latency
20,8,42,28,4,73,62,16,Video,Low,8,1,4G,Indoor,Low Latency
21,51,87,5,1,82,52,34,Video,High,8,1,5G,Outdoor,Energy Efficiency
22,27,62,15,2,87,70,48,Video,High,10,1,WiFi,Outdoor,Energy Efficiency
23,1,46,23,2,68,59,43,Sensor,Low,8,0,WiFi,Indoor,Energy Efficiency
24,98,78,37,5,95,50,26,Image,Medium,3,1,WiFi,Indoor,Energy Efficiency
25,36,75,87,1,83,92,6,Video,High,8,0,5G,Outdoor,Low Latency
26,75,67,95,2,93,61,29,Sensor,High,1,0,WiFi,Indoor,Energy Efficiency
27,55,42,0,5,82,78,13,Sensor,Medium,10,1,WiFi,Indoor,Low Latency
28,19,67,74,5,50,84,36,Video,Medium,10,0,4G,Outdoor,Energy Efficiency
29,59,0,84,4,66,81,36,Sensor,High,8,1,4G,Indoor,Energy Efficiency
30,52,56,62,5,88,86,15,Image,Medium,8,1,5G,Indoor,Low Latency
31,47,98,90,1,88,99,7,Video,Medium,1,0,4G,Outdoor,Low Latency
32,29,93,24,2,72,59,14,Sensor,Low,4,1,4G,Indoor,Energy Efficiency
33,24,41,71,2,64,53,43,Image,High,6,0,4G,Outdoor,Energy Efficiency
34,21,74,55,5,83,64,17,Image,Medium,1,0,4G,Indoor,Energy Efficiency
35,10,67,76,5,51,82,38,Image,Low,9,1,WiFi,Outdoor,Low Latency
36,74,46,38,3,73,83,42,Image,Medium,5,0,5G,Outdoor,Low Latency
37,45,61,34,2,85,100,24,Sensor,Medium,8,1,WiFi,Indoor,Low Latency
38,99,23,9,5,76,71,25,Video,Low,2,1,4G,Outdoor,Energy Efficiency
39,3,14,80,2,90,83,34,Video,Medium,4,1,5G,Indoor,Energy Efficiency
40,76,68,79,1,63,77,25,Sensor,Medium,2,0,4G,Indoor,Low Latency
41,12,92,39,3,58,85,44,Image,High,4,1,WiFi,Outdoor,Low Latency
42,12,73,24,5,96,56,46,Video,High,8,1,5G,Indoor,Low Latency
43,37,60,23,2,62,71,28,Image,High,10,1,5G,Indoor,Low Latency
44,31,84,96,4,63,71,26,Video,Medium,9,0,4G,Indoor,Low Latency
45,92,20,28,5,92,62,41,Image,High,3,0,5G,Outdoor,Low Latency
46,30,54,30,3,63,87,45,Sensor,Low,9,0,5G,Indoor,Energy Efficiency
47,20,87,57,5,90,94,16,Video,Medium,8,0,WiFi,Indoor,Low Latency
48,8,75,49,3,64,72,24,Image,High,9,0,5G,Indoor,Energy Efficiency
49,61,98,67,5,88,82,18,Sensor,Low,7,0,WiFi,Indoor,Low Latency
50,35,65,83,4,52,82,50,Image,Low,3,0,WiFi,Outdoor,Energy Efficiency
51,36,68,79,4,75,89,23,Sensor,High,8,1,4G,Outdoor,Low Latency
52,79,1,77,5,63,59,49,Sensor,High,4,0,4G,Indoor,Energy Efficiency
53,98,74,47,3,65,85,11,Image,Low,6,1,4G,Outdoor,Low Latency
54,61,79,7,4,72,50,32,Sensor,High,7,0,WiFi,Indoor,Low Latency
55,75,90,94,5,80,70,29,Sensor,Medium,10,0,WiFi,Outdoor,Energy Efficiency
56,72,47,59,3,80,58,35,Image,Low,7,0,4G,Outdoor,Low Latency
57,81,74,15,4,75,83,39,Video,Medium,8,0,5G,Outdoor,Energy Efficiency
58,33,35,21,2,57,100,37,Sensor,Low,7,0,4G,Outdoor,Low Latency
59,28,22,46,1,73,68,40,Sensor,Low,3,0,5G,Outdoor,Energy Efficiency
60,16,79,54,1,75,96,39,Image,Low,5,0,5G,Indoor,Low Latency
61,95,44,85,1,92,78,18,Video,Low,8,1,WiFi,Outdoor,Low Latency
62,39,76,32,3,61,99,15,Video,Low,7,0,5G,Indoor,Energy Efficiency
63,60,87,58,5,76,99,20,Image,Medium,10,0,WiFi,Indoor,Energy Efficiency
64,30,43,85,2,64,76,49,Video,High,2,1,4G,Outdoor,Low Latency
65,49,82,65,1,81,69,28,Sensor,Medium,9,1,4G,Outdoor,Energy Efficiency
66,64,50,74,2,75,73,42,Sensor,Medium,10,0,5G,Indoor,Low Latency
67,35,84,30,4,56,56,26,Video,High,5,1,5G,Outdoor,Energy Efficiency
68,92,23,84,2,53,71,22,Image,Medium,9,1,WiFi,Indoor,Low Latency
69,66,4,3,5,78,65,42,Video,Medium,10,0,WiFi,Indoor,Energy Efficiency
70,72,96,86,4,91,97,23,Sensor,Medium,3,1,4G,Outdoor,Energy Efficiency
71,75,21,57,1,61,59,46,Video,High,2,0,WiFi,Outdoor,Low Latency
72,19,85,84,1,88,61,33,Image,High,5,1,4G,Indoor,Low Latency
73,10,9,75,2,75,50,47,Sensor,High,8,0,WiFi,Indoor,Energy Efficiency
74,70,38,69,3,92,77,41,Sensor,Medium,9,1,4G,Indoor,Energy Efficiency
75,100,32,90,5,89,72,45,Image,Medium,10,0,5G,Indoor,Energy Efficiency
76,73,31,78,5,95,54,33,Sensor,High,3,1,WiFi,Indoor,Energy Efficiency
77,70,32,18,3,87,63,24,Video,High,8,1,5G,Outdoor,Low Latency
78,66,51,49,3,54,71,20,Image,Low,7,0,WiFi,Indoor,Low Latency
79,19,3,64,4,96,80,20,Image,Low,6,0,4G,Outdoor,Low Latency
80,80,33,9,1,86,78,6,Sensor,Medium,1,1,5G,Outdoor,Low Latency
81,24,32,18,4,57,88,23,Image,Medium,2,1,4G,Outdoor,Energy Efficiency
82,1,45,44,4,92,94,7,Image,Low,8,0,4G,Outdoor,Low Latency
83,3,73,23,4,67,55,24,Video,Medium,9,1,5G,Indoor,Low Latency
84,50,39,16,3,63,95,40,Video,Medium,9,1,WiFi,Indoor,Low Latency
85,28,84,69,5,73,94,32,Video,Low,10,1,5G,Indoor,Energy Efficiency
86,4,84,66,4,91,81,7,Image,Medium,1,1,WiFi,Indoor,Energy Efficiency
87,56,77,92,1,72,77,12,Sensor,Low,3,0,4G,Outdoor,Low Latency
88,20,68,61,2,52,87,39,Image,Low,1,1,WiFi,Indoor,Energy Efficiency
89,13,28,26,3,82,95,46,Sensor,Medium,4,0,5G,Outdoor,Low Latency
90,86,53,82,5,78,58,47,Sensor,High,7,1,WiFi,Indoor,Low Latency
91,56,83,53,4,87,65,13,Video,Low,4,0,WiFi,Indoor,Energy Efficiency
92,47,80,63,2,67,100,32,Sensor,High,5,1,4G,Outdoor,Energy Efficiency
93,91,66,94,4,72,71,21,Sensor,Low,10,0,WiFi,Outdoor,Energy Efficiency
94,98,9,10,1,81,83,35,Image,High,7,1,4G,Outdoor,Energy Efficiency
95,91,2,93,1,50,73,36,Sensor,High,3,1,5G,Indoor,Low Latency
96,27,54,83,5,73,63,13,Video,High,6,1,4G,Indoor,Energy Efficiency
97,21,88,61,1,100,50,40,Video,Medium,10,0,4G,Outdoor,Energy Efficiency
98,7,25,7,4,88,89,5,Sensor,Medium,9,1,5G,Indoor,Low Latency
99,76,69,45,4,62,99,15,Video,Medium,5,0,4G,Indoor,Low Latency
100,61,82,70,5,99,86,42,Image,High,3,1,5G,Outdoor,Low Latency
101,58,39,48,1,58,77,31,Video,Medium,5,1,4G,Outdoor,Energy Efficiency
102,54,91,99,2,52,77,26,Sensor,High,8,1,4G,Indoor,Energy Efficiency
103,96,38,31,2,78,68,45,Video,Medium,4,0,WiFi,Indoor,Energy Efficiency
104,45,64,6,1,97,68,29,Image,Medium,4,0,4G,Indoor,Low Latency
105,63,60,32,5,76,56,20,Sensor,Low,3,1,4G,Outdoor,Energy Efficiency
106,63,43,97,3,69,87,41,Image,High,6,1,5G,Indoor,Energy Efficiency
107,17,36,74,5,93,94,38,Image,Medium,2,0,WiFi,Indoor,Low Latency
108,69,92,37,4,80,87,5,Sensor,High,4,0,WiFi,Indoor,Energy Efficiency
109,21,20,21,4,85,89,13,Sensor,Medium,1,1,5G,Indoor,Low Latency
110,14,26,54,5,87,66,38,Sensor,Medium,9,0,4G,Indoor,Energy Efficiency
111,81,48,40,1,93,84,37,Image,Medium,9,0,5G,Outdoor,Low Latency
112,33,24,8,3,72,65,23,Video,Low,4,0,5G,Indoor,Low Latency
113,15,31,37,5,72,89,44,Sensor,Medium,1,0,4G,Indoor,Low Latency
114,21,11,65,4,55,53,35,Video,Medium,4,0,4G,Indoor,Energy Efficiency
115,76,24,70,2,66,76,22,Video,High,4,1,4G,Outdoor,Energy Efficiency
116,90,3,62,3,77,64,31,Image,High,5,0,4G,Outdoor,Low Latency
117,61,26,96,1,71,72,15,Image,High,5,1,4G,Outdoor,Energy Efficiency
118,51,97,88,5,77,59,12,Sensor,Low,5,0,WiFi,Indoor,Low Latency
119,33,52,29,4,64,70,26,Sensor,Low,4,1,4G,Indoor,Energy Efficiency
120,74,49,11,4,87,56,28,Video,High,4,1,5G,Outdoor,Low Latency
121,73,12,68,2,53,70,48,Image,Low,3,0,WiFi,Indoor,Energy Efficiency
122,84,47,80,5,92,81,19,Image,Medium,7,0,5G,Outdoor,Low Latency
123,2,32,8,4,73,52,26,Sensor,Medium,2,1,4G,Indoor,Low Latency
124,12,40,0,2,58,88,27,Image,Low,2,0,WiFi,Indoor,Energy Efficiency
125,65,75,93,2,54,88,31,Sensor,Low,9,1,4G,Indoor,Energy Efficiency
126,11,96,65,2,57,67,10,Image,High,10,0,5G,Indoor,Low Latency
127,16,96,38,5,51,83,48,Video,Medium,2,1,5G,Outdoor,Low Latency
128,83,32,92,4,87,56,22,Image,Low,1,1,5G,Indoor,Low Latency
129,0,76,36,3,73,89,7,Image,High,9,0,4G,Outdoor,Energy Efficiency
130,76,51,11,4,84,70,21,Sensor,High,8,0,4G,Indoor,Energy Efficiency
131,62,68,42,3,79,68,17,Image,Medium,3,0,WiFi,Outdoor,Energy Efficiency
132,34,71,29,4,51,98,32,Sensor,Medium,9,0,WiFi,Indoor,Energy Efficiency
133,68,52,9,4,84,66,27,Sensor,Medium,6,0,4G,Outdoor,Energy Efficiency
134,16,65,83,1,78,82,10,Image,Low,5,1,4G,Outdoor,Low Latency
135,57,53,95,2,57,76,16,Video,Low,7,1,4G,Indoor,Energy Efficiency
136,66,63,46,3,51,61,19,Video,High,6,1,4G,Indoor,Low Latency
137,21,75,75,3,76,63,20,Video,Low,8,1,5G,Outdoor,Energy Efficiency
138,35,76,59,4,66,60,28,Sensor,High,9,0,WiFi,Indoor,Energy Efficiency
139,14,3,75,1,94,89,11,Video,High,2,1,WiFi,Outdoor,Energy Efficiency
140,24,26,89,2,51,71,9,Video,Low,7,0,WiFi,Outdoor,Low Latency
141,81,75,47,5,73,50,6,Image,High,8,0,WiFi,Outdoor,Low Latency
142,68,25,54,4,70,68,22,Image,High,10,0,5G,Indoor,Low Latency
143,47,31,33,2,55,93,18,Sensor,High,5,1,WiFi,Outdoor,Low Latency
144,77,86,65,5,84,51,8,Video,Low,7,1,5G,Outdoor,Low Latency
145,73,20,19,4,62,71,34,Sensor,High,3,1,WiFi,Outdoor,Low Latency
146,10,58,25,3,60,57,25,Sensor,Low,7,1,5G,Indoor,Low Latency
147,9,0,27,5,63,72,21,Sensor,Low,10,1,5G,Outdoor,Energy Efficiency
148,31,0,59,5,73,84,12,Video,Medium,10,1,4G,Outdoor,Energy Efficiency
149,79,88,24,3,72,53,43,Image,High,4,1,4G,Indoor,Low Latency
150,100,15,76,3,76,61,47,Image,High,4,0,4G,Indoor,Low Latency
151,57,57,21,4,90,81,23,Video,Medium,10,1,4G,Outdoor,Energy Efficiency
152,56,73,60,2,83,98,33,Image,Low,3,1,4G,Indoor,Energy Efficiency
153,60,86,98,4,55,87,22,Sensor,Medium,5,0,WiFi,Outdoor,Energy Efficiency
154,8,38,51,3,59,55,23,Video,Low,3,1,WiFi,Outdoor,Energy Efficiency
155,92,6,73,1,93,100,26,Image,Low,4,1,5G,Outdoor,Low Latency
156,66,76,15,4,66,80,25,Sensor,Low,6,0,WiFi,Indoor,Energy Efficiency
157,7,96,24,2,50,59,24,Sensor,High,3,0,5G,Outdoor,Energy Efficiency
158,69,34,16,4,53,52,5,Video,Medium,4,1,WiFi,Indoor,Energy Efficiency
159,26,0,98,3,50,92,31,Image,High,2,0,5G,Indoor,Low Latency
160,64,96,75,5,96,60,25,Image,Low,4,0,5G,Outdoor,Low Latency
161,88,38,85,3,99,93,36,Sensor,High,1,0,4G,Outdoor,Energy Efficiency
162,41,7,7,3,92,67,29,Image,Medium,10,0,WiFi,Outdoor,Energy Efficiency
163,84,32,69,5,65,82,34,Sensor,Low,10,0,4G,Indoor,Energy Efficiency
164,16,68,38,4,92,60,47,Sensor,High,10,0,WiFi,Indoor,Energy Efficiency
165,15,29,97,1,62,51,34,Sensor,Medium,5,1,WiFi,Indoor,Low Latency
166,22,43,66,2,88,94,38,Video,Low,9,0,WiFi,Indoor,Low Latency
167,33,74,61,5,73,56,17,Sensor,Low,5,1,4G,Indoor,Energy Efficiency
168,30,2,23,1,96,77,14,Sensor,High,7,1,4G,Indoor,Low Latency
169,37,64,2,2,80,88,39,Sensor,Medium,5,0,4G,Outdoor,Energy Efficiency
170,76,21,89,2,94,52,29,Sensor,Low,3,0,5G,Indoor,Energy Efficiency
171,49,61,50,3,87,86,16,Image,High,2,1,4G,Outdoor,Low Latency
172,15,89,79,5,79,88,5,Sensor,High,9,0,4G,Outdoor,Low Latency
173,38,3,77,2,95,96,49,Image,Medium,9,0,5G,Indoor,Energy Efficiency
174,24,38,47,4,95,72,14,Image,Medium,9,1,WiFi,Outdoor,Low Latency
175,48,64,73,5,75,95,35,Sensor,Low,10,1,5G,Outdoor,Low Latency
176,2,48,94,4,68,70,26,Video,High,1,0,4G,Indoor,Low Latency
177,50,42,20,3,76,55,25,Image,Medium,1,1,5G,Outdoor,Low Latency
178,21,57,54,2,79,71,29,Image,High,1,1,5G,Outdoor,Energy Efficiency
179,26,23,68,5,89,80,8,Image,Low,10,1,5G,Indoor,Energy Efficiency
180,80,33,13,2,51,67,31,Image,Low,8,0,4G,Outdoor,Energy Efficiency
181,25,10,0,2,55,90,31,Video,High,7,0,5G,Outdoor,Energy Efficiency
182,30,75,25,1,72,53,13,Sensor,High,10,1,5G,Outdoor,Energy Efficiency
183,29,37,58,3,91,91,44,Sensor,Low,2,0,WiFi,Indoor,Low Latency
184,23,40,58,4,53,62,19,Video,High,7,1,4G,Outdoor,Energy Efficiency
185,89,10,100,5,96,56,24,Sensor,High,1,0,4G,Indoor,Energy Efficiency
186,22,63,49,1,83,87,16,Video,Medium,10,0,4G,Indoor,Energy Efficiency
187,57,94,16,2,52,96,34,Video,High,7,0,WiFi,Outdoor,Low Latency
188,26,73,18,3,50,50,30,Sensor,Medium,2,1,5G,Indoor,Energy Efficiency
189,59,33,48,2,65,94,16,Sensor,Medium,9,0,4G,Indoor,Energy Efficiency
190,24,94,52,5,56,92,36,Image,High,1,1,4G,Outdoor,Low Latency
191,95,97,9,4,83,78,50,Sensor,Low,9,1,4G,Indoor,Low Latency
192,89,70,70,1,65,59,10,Image,Medium,2,1,5G,Outdoor,Low Latency
193,1,6,90,2,54,83,14,Video,High,6,0,WiFi,Outdoor,Energy Efficiency
194,35,2,3,2,75,58,8,Video,Medium,6,0,5G,Outdoor,Energy Efficiency
195,58,31,32,3,90,95,22,Image,Medium,10,1,WiFi,Indoor,Low Latency
196,76,17,29,3,81,81,36,Sensor,High,7,1,4G,Indoor,Low Latency
197,55,100,93,1,61,67,15,Image,Medium,2,0,5G,Indoor,Low Latency
198,37,81,9,1,98,57,43,Sensor,Low,5,1,5G,Outdoor,Low Latency
199,38,16,9,3,82,93,32,Video,High,8,0,5G,Outdoor,Energy Efficiency
200,10,81,41,2,92,69,32,Sensor,High,6,1,4G,Indoor,Low Latency
201,73,98,95,2,75,70,7,Image,High,5,0,5G,Indoor,Low Latency
202,21,86,90,5,53,88,21,Video,Low,10,0,WiFi,Outdoor,Low Latency
203,93,70,45,5,55,85,16,Image,Low,9,1,WiFi,Outdoor,Energy Efficiency
204,39,83,68,5,68,100,16,Sensor,High,8,1,WiFi,Indoor,Energy Efficiency
205,25,6,37,1,73,51,8,Sensor,Low,10,1,4G,Outdoor,Energy Efficiency
206,70,41,49,3,94,65,26,Video,High,1,1,4G,Outdoor,Energy Efficiency
207,24,16,10,4,79,95,21,Sensor,Low,6,0,5G,Outdoor,Low Latency
208,73,46,80,5,62,61,32,Sensor,Medium,1,1,4G,Indoor,Energy Efficiency
209,36,51,84,4,61,70,46,Video,Medium,7,0,4G,Indoor,Low Latency
210,61,78,30,2,62,68,7,Sensor,Medium,8,0,5G,Indoor,Low Latency
211,69,83,33,4,71,69,31,Video,Medium,8,1,5G,Indoor,Low Latency
212,5,89,54,5,87,87,44,Video,Low,9,1,4G,Indoor,Energy Efficiency
213,39,37,77,4,81,63,18,Sensor,Low,2,1,5G,Indoor,Energy Efficiency
214,34,33,45,5,72,57,9,Video,High,7,0,WiFi,Outdoor,Energy Efficiency
215,12,80,69,5,86,68,15,Image,High,2,0,5G,Outdoor,Low Latency
216,52,46,6,5,98,57,29,Sensor,Medium,1,1,WiFi,Indoor,Energy Efficiency
217,75,88,78,1,63,94,43,Image,High,10,1,5G,Outdoor,Energy Efficiency
218,57,5,95,2,55,55,8,Video,High,9,0,5G,Indoor,Low Latency
219,73,83,59,2,93,61,20,Image,Medium,4,0,5G,Outdoor,Low Latency
220,70,18,7,3,58,65,23,Image,Low,5,1,5G,Outdoor,Energy Efficiency
221,88,28,42,2,62,66,30,Sensor,Low,5,0,WiFi,Indoor,Low Latency
222,31,10,36,2,58,81,29,Video,High,5,1,4G,Indoor,Energy Efficiency
223,14,13,11,1,66,69,28,Image,Medium,10,1,4G,Indoor,Energy Efficiency
224,50,78,6,4,85,98,18,Image,High,4,1,WiFi,Outdoor,Low Latency
225,78,60,31,4,61,59,43,Video,High,1,1,WiFi,Outdoor,Energy Efficiency
226,61,17,66,1,99,76,25,Image,Medium,8,0,5G,Outdoor,Low Latency
227,46,5,69,4,88,71,31,Video,Low,4,1,5G,Outdoor,Energy Efficiency
228,20,2,20,2,66,81,32,Sensor,Medium,8,0,WiFi,Indoor,Low Latency
229,32,84,54,3,57,50,22,Video,Low,5,0,4G,Indoor,Low Latency
230,78,100,87,1,63,52,9,Sensor,High,2,1,WiFi,Indoor,Low Latency
231,6,71,38,3,72,50,31,Video,High,6,1,4G,Indoor,Energy Efficiency
232,86,76,7,3,85,76,37,Sensor,Low,2,1,WiFi,Indoor,Energy Efficiency
233,31,15,30,2,65,66,27,Sensor,High,2,1,4G,Indoor,Energy Efficiency
234,26,49,60,4,53,89,23,Sensor,Medium,5,1,4G,Outdoor,Low Latency
235,95,19,13,1,76,55,12,Sensor,Low,6,1,4G,Outdoor,Low Latency
236,61,12,83,5,100,74,15,Sensor,High,4,0,5G,Outdoor,Low Latency
237,55,33,23,4,64,100,7,Image,High,4,0,5G,Indoor,Low Latency
238,14,47,27,3,51,53,36,Video,High,3,0,WiFi,Outdoor,Energy Efficiency
239,59,18,66,4,89,75,19,Video,Medium,9,1,5G,Indoor,Low Latency
240,73,28,90,2,76,77,15,Video,High,10,1,5G,Outdoor,Energy Efficiency
241,10,78,68,1,73,68,38,Sensor,Medium,5,1,WiFi,Indoor,Energy Efficiency
242,59,55,12,5,98,61,23,Video,Low,4,1,4G,Indoor,Low Latency
243,18,92,72,1,58,73,24,Sensor,Medium,9,1,WiFi,Indoor,Energy Efficiency
244,21,43,32,4,74,72,20,Video,High,6,0,5G,Outdoor,Energy Efficiency
245,35,2,34,3,53,70,30,Image,Low,10,1,4G,Outdoor,Low Latency
246,30,55,90,3,86,84,6,Video,Low,9,1,5G,Indoor,Low Latency
247,3,48,94,2,97,92,28,Video,Medium,10,1,5G,Indoor,Energy Efficiency
248,27,53,57,4,77,92,32,Sensor,High,10,1,5G,Indoor,Low Latency
249,93,51,62,5,68,94,48,Sensor,Low,2,0,4G,Outdoor,Energy Efficiency
250,99,30,55,3,66,88,39,Video,Medium,2,1,5G,Indoor,Low Latency
251,59,88,96,2,68,80,47,Image,Low,6,0,4G,Indoor,Energy Efficiency
252,30,34,21,5,75,96,47,Image,High,6,0,5G,Indoor,Energy Efficiency
253,15,56,37,4,97,70,11,Sensor,High,4,0,WiFi,Outdoor,Low Latency
254,65,57,17,5,75,84,21,Video,High,3,0,5G,Indoor,Low Latency
255,48,4,33,4,83,93,24,Sensor,Low,3,0,4G,Indoor,Energy Efficiency
256,87,93,10,1,75,85,17,Sensor,High,10,0,5G,Outdoor,Energy Efficiency
257,84,57,21,5,99,72,13,Sensor,Medium,1,1,WiFi,Indoor,Low Latency
258,46,13,24,5,64,72,28,Sensor,Medium,2,0,5G,Outdoor,Energy Efficiency
259,82,39,69,5,86,63,42,Image,Medium,4,1,5G,Outdoor,Low Latency
260,86,74,38,3,80,73,22,Image,Medium,3,0,4G,Outdoor,Low Latency
261,49,51,54,2,78,72,20,Image,High,8,1,5G,Outdoor,Energy Efficiency
262,75,44,64,1,51,68,48,Sensor,Low,6,0,4G,Indoor,Low Latency
263,49,34,29,3,86,75,27,Video,Medium,5,1,4G,Outdoor,Low Latency
264,51,93,64,3,72,84,40,Image,High,9,1,4G,Indoor,Low Latency
265,33,76,78,3,58,77,29,Video,Low,5,0,4G,Indoor,Energy Efficiency
266,15,66,54,3,51,67,42,Image,High,5,0,4G,Indoor,Low Latency
267,7,37,38,4,83,95,39,Video,Medium,9,1,WiFi,Indoor,Low Latency
268,54,12,21,4,75,63,28,Video,Low,4,0,4G,Indoor,Energy Efficiency
269,3,13,41,2,66,89,45,Video,Medium,9,0,WiFi,Outdoor,Energy Efficiency
270,41,0,32,5,75,60,15,Video,Low,8,0,5G,Outdoor,Low Latency
271,4,72,52,1,60,57,38,Sensor,Medium,3,0,5G,Outdoor,Energy Efficiency
272,56,75,71,1,93,59,18,Sensor,Low,3,0,4G,Outdoor,Energy Efficiency
273,6,72,71,4,93,68,41,Sensor,Low,1,1,4G,Indoor,Energy Efficiency
274,68,95,99,1,52,96,24,Video,High,8,1,5G,Outdoor,Energy Efficiency
275,48,37,70,2,96,50,33,Image,Low,5,0,5G,Outdoor,Energy Efficiency
276,51,49,98,3,75,97,48,Sensor,High,2,1,WiFi,Outdoor,Low Latency
277,100,39,52,4,50,93,21,Sensor,Low,7,0,4G,Indoor,Low Latency
278,50,8,38,3,88,51,15,Video,Medium,5,1,WiFi,Outdoor,Energy Efficiency
279,92,12,7,4,93,67,31,Video,Low,1,1,4G,Outdoor,Energy Efficiency
280,49,91,80,4,56,94,28,Video,Low,2,1,5G,Outdoor,Low Latency
281,43,70,5,4,89,71,13,Video,Low,10,0,WiFi,Indoor,Energy Efficiency
282,44,3,55,2,89,100,6,Video,Medium,5,0,WiFi,Indoor,Energy Efficiency
283,100,6,40,1,53,54,39,Sensor,Low,4,1,4G,Outdoor,Energy Efficiency
284,75,41,86,4,95,60,28,Image,High,5,0,4G,Outdoor,Energy Efficiency
285,51,96,71,2,64,80,23,Image,Medium,6,1,4G,Outdoor,Low Latency
286,20,19,42,1,85,69,28,Sensor,Medium,8,1,5G,Indoor,Low Latency
287,23,1,86,3,52,89,30,Video,Low,9,1,4G,Indoor,Low Latency
288,63,47,81,1,95,51,29,Video,High,9,1,4G,Outdoor,Low Latency
289,3,95,31,4,56,71,13,Video,Low,1,1,4G,Indoor,Energy Efficiency
290,47,14,0,5,62,75,30,Video,High,1,1,WiFi,Outdoor,Energy Efficiency
291,24,42,93,2,66,74,38,Sensor,High,4,0,4G,Indoor,Energy Efficiency
292,84,1,5,2,76,55,20,Video,High,7,1,5G,Outdoor,Low Latency
293,38,53,18,2,60,63,23,Sensor,High,6,1,5G,Indoor,Low Latency
294,27,46,75,3,91,52,34,Image,High,8,1,5G,Indoor,Energy Efficiency
295,17,47,79,4,79,92,10,Video,Medium,10,1,WiFi,Outdoor,Low Latency
296,49,1,72,1,50,67,32,Video,Low,9,0,5G,Outdoor,Low Latency
297,2,53,54,2,51,84,23,Sensor,Low,7,1,WiFi,Indoor,Energy Efficiency
298,47,81,91,1,53,63,46,Sensor,Low,5,0,4G,Indoor,Low Latency
299,58,48,94,2,71,98,41,Video,High,1,0,4G,Outdoor,Low Latency
300,79,48,29,3,89,86,50,Video,Low,6,0,4G,Outdoor,Low Latency
301,82,16,55,1,96,94,16,Sensor,Low,6,1,WiFi,Indoor,Low Latency
302,72,76,40,5,63,77,36,Image,Medium,7,0,4G,Indoor,Energy Efficiency
303,64,57,82,3,69,81,18,Image,High,1,1,WiFi,Outdoor,Low Latency
304,20,5,52,4,88,56,27,Video,Medium,10,0,5G,Outdoor,Energy Efficiency
305,26,50,44,3,100,61,50,Video,Medium,5,1,WiFi,Outdoor,Low Latency
306,2,14,48,3,73,69,23,Image,Low,1,0,4G,Indoor,Low Latency
307,77,48,64,4,96,95,45,Video,Medium,1,1,4G,Indoor,Low Latency
308,3,33,84,2,66,78,7,Image,Medium,9,0,WiFi,Outdoor,Low Latency
309,42,67,5,3,81,80,17,Image,High,5,0,WiFi,Outdoor,Low Latency
310,46,26,98,2,99,86,14,Sensor,Low,10,1,5G,Indoor,Low Latency
311,50,77,4,5,91,77,34,Video,Medium,6,1,WiFi,Outdoor,Energy Efficiency
312,37,39,13,3,73,95,41,Sensor,Medium,4,1,5G,Outdoor,Low Latency
313,56,68,4,5,51,99,22,Video,Low,7,1,WiFi,Outdoor,Energy Efficiency
314,72,81,28,3,89,88,36,Sensor,Medium,6,0,5G,Outdoor,Energy Efficiency
315,10,34,94,3,73,95,30,Sensor,Low,10,0,WiFi,Outdoor,Energy Efficiency
316,15,73,51,3,70,73,49,Image,High,4,0,WiFi,Indoor,Energy Efficiency
317,14,49,55,1,83,95,21,Sensor,Medium,3,0,4G,Outdoor,Energy Efficiency
318,5,42,28,3,56,63,20,Image,Low,10,1,WiFi,Outdoor,Energy Efficiency
319,39,16,69,1,53,70,40,Sensor,Low,3,1,WiFi,Outdoor,Energy Efficiency
320,10,59,93,2,86,97,36,Image,Low,10,1,5G,Outdoor,Low Latency
321,79,0,33,3,90,51,26,Image,Low,6,0,WiFi,Outdoor,Low Latency
322,33,96,70,5,91,98,11,Image,High,3,1,4G,Indoor,Energy Efficiency
323,41,26,66,1,78,76,14,Image,Low,6,0,5G,Indoor,Low Latency
324,46,18,33,3,72,76,24,Sensor,High,5,1,4G,Indoor,Low Latency
325,26,56,82,3,68,71,27,Video,Medium,2,1,WiFi,Indoor,Low Latency
326,26,29,9,3,60,74,30,Image,Low,10,1,4G,Outdoor,Low Latency
327,87,61,80,3,89,74,8,Sensor,Medium,4,0,4G,Outdoor,Low Latency
328,65,24,71,1,66,59,8,Sensor,Medium,5,1,5G,Indoor,Energy Efficiency
329,35,96,20,3,56,77,28,Image,High,9,0,5G,Outdoor,Energy Efficiency
330,16,22,35,3,60,99,28,Image,Low,7,0,WiFi,Indoor,Energy Efficiency
331,95,87,69,2,87,92,25,Image,Medium,10,1,WiFi,Indoor,Low Latency
332,37,98,63,4,59,79,13,Video,Low,7,1,4G,Indoor,Energy Efficiency
333,86,27,97,5,59,98,28,Image,High,6,1,5G,Outdoor,Low Latency
334,14,95,70,3,74,71,6,Image,High,8,1,4G,Outdoor,Low Latency
335,43,27,100,3,96,90,5,Sensor,High,4,1,4G,Indoor,Energy Efficiency
336,46,94,39,2,95,99,16,Image,High,9,1,5G,Outdoor,Energy Efficiency
337,13,34,34,1,68,57,26,Sensor,High,8,1,4G,Outdoor,Energy Efficiency
338,58,5,38,1,98,63,7,Image,High,2,0,4G,Outdoor,Low Latency
339,53,0,91,1,57,83,5,Sensor,Low,2,1,5G,Indoor,Energy Efficiency
340,59,71,55,5,67,52,47,Image,Low,6,1,4G,Indoor,Energy Efficiency
341,10,42,97,4,65,77,40,Video,Medium,3,1,4G,Indoor,Low Latency
342,33,25,30,2,86,71,21,Sensor,Low,6,1,4G,Outdoor,Low Latency
343,85,31,79,2,85,70,10,Sensor,Low,3,1,WiFi,Outdoor,Energy Efficiency
344,56,18,58,2,62,69,7,Image,Medium,4,0,4G,Outdoor,Energy Efficiency
345,97,85,77,2,64,51,46,Image,High,9,1,5G,Indoor,Low Latency
346,90,56,60,2,78,68,22,Image,High,8,0,4G,Indoor,Low Latency
347,50,83,34,4,93,56,27,Sensor,Medium,4,0,WiFi,Indoor,Low Latency
348,36,29,33,4,90,79,38,Image,Low,1,0,5G,Outdoor,Low Latency
349,78,81,79,4,74,65,39,Video,Low,5,1,4G,Indoor,Low Latency
350,58,28,57,2,89,68,5,Video,Low,6,0,4G,Outdoor,Energy Efficiency
351,28,6,88,4,77,57,46,Video,High,9,1,5G,Outdoor,Energy Efficiency
352,14,28,16,1,66,65,24,Sensor,Low,10,0,WiFi,Outdoor,Low Latency
353,45,38,51,3,79,94,28,Sensor,High,6,1,5G,Outdoor,Low Latency
354,89,45,4,4,98,81,24,Image,Low,7,1,5G,Outdoor,Energy Efficiency
355,3,55,8,2,65,51,10,Image,High,9,0,WiFi,Outdoor,Low Latency
356,51,57,22,5,79,83,47,Image,High,9,0,WiFi,Outdoor,Energy Efficiency
357,0,12,87,2,74,95,50,Video,High,6,1,WiFi,Indoor,Low Latency
358,0,33,10,5,92,60,36,Video,Low,9,0,WiFi,Indoor,Low Latency
359,50,76,40,5,57,69,16,Sensor,Low,3,1,5G,Indoor,Energy Efficiency
360,11,34,75,5,54,55,8,Image,Low,9,0,WiFi,Outdoor,Energy Efficiency
361,97,51,76,1,85,59,20,Sensor,Medium,10,0,4G,Indoor,Energy Efficiency
362,52,17,33,3,66,79,23,Sensor,Low,4,1,WiFi,Indoor,Low Latency
363,9,51,52,2,82,56,11,Video,Low,8,1,5G,Outdoor,Energy Efficiency
364,26,56,73,2,98,50,32,Image,High,6,1,5G,Outdoor,Low Latency
365,53,8,35,3,90,92,17,Video,Medium,5,1,4G,Indoor,Energy Efficiency
366,21,15,12,4,63,50,23,Sensor,High,9,0,5G,Outdoor,Low Latency
367,37,39,93,4,78,63,22,Image,High,4,1,WiFi,Indoor,Low Latency
368,74,63,47,4,62,51,8,Sensor,High,5,0,WiFi,Outdoor,Energy Efficiency
369,37,11,4,5,72,91,45,Video,Medium,8,1,4G,Outdoor,Energy Efficiency
370,38,2,67,3,78,53,33,Video,High,4,1,5G,Outdoor,Energy Efficiency
371,45,64,100,1,83,62,38,Video,High,2,1,4G,Outdoor,Energy Efficiency
372,24,50,42,4,84,86,12,Sensor,High,8,1,5G,Outdoor,Energy Efficiency
373,11,10,66,5,55,70,9,Sensor,Low,5,1,4G,Outdoor,Energy Efficiency
374,78,33,75,5,97,93,9,Sensor,Medium,6,0,WiFi,Outdoor,Low Latency
375,28,29,51,3,70,90,36,Sensor,Low,7,0,WiFi,Indoor,Energy Efficiency
376,7,80,8,5,79,58,30,Image,Low,1,1,WiFi,Outdoor,Energy Efficiency
377,49,38,62,1,94,78,47,Image,Low,2,0,5G,Outdoor,Low Latency
378,35,58,9,1,97,64,50,Video,High,7,1,4G,Outdoor,Low Latency
379,35,37,92,1,53,61,9,Image,Low,8,1,5G,Outdoor,Low Latency
380,28,16,77,4,57,73,34,Sensor,High,6,1,4G,Outdoor,Low Latency
381,24,32,75,5,82,57,49,Video,Medium,6,0,WiFi,Indoor,Energy Efficiency
382,21,82,87,5,54,85,16,Sensor,High,6,0,5G,Outdoor,Energy Efficiency
383,23,74,50,3,98,84,43,Sensor,Medium,7,1,4G,Indoor,Energy Efficiency
384,40,20,59,3,73,94,48,Image,Medium,9,1,5G,Outdoor,Low Latency
385,86,56,18,2,77,79,12,Image,Low,10,0,4G,Indoor,Energy Efficiency
386,6,2,86,3,99,83,38,Image,Low,4,0,WiFi,Indoor,Low Latency
387,96,78,11,4,61,96,41,Video,Medium,10,1,WiFi,Outdoor,Low Latency
388,85,56,65,2,67,57,23,Sensor,High,9,1,WiFi,Outdoor,Low Latency
389,27,23,15,5,60,61,20,Sensor,Medium,9,0,WiFi,Indoor,Energy Efficiency
390,92,60,76,1,85,75,17,Sensor,High,4,0,WiFi,Outdoor,Low Latency
391,17,0,10,1,66,60,38,Video,Medium,5,0,4G,Indoor,Energy Efficiency
392,89,50,66,2,82,75,8,Image,High,5,1,WiFi,Outdoor,Low Latency
393,95,52,92,5,62,80,22,Video,Medium,4,0,WiFi,Indoor,Low Latency
394,61,26,33,2,60,71,32,Video,High,4,1,WiFi,Indoor,Energy Efficiency
395,43,20,95,3,81,56,36,Video,Low,8,1,4G,Outdoor,Energy Efficiency
396,62,5,89,1,51,87,42,Video,Low,7,1,5G,Outdoor,Low Latency
397,90,33,66,2,62,71,5,Sensor,Medium,6,1,4G,Outdoor,Energy Efficiency
398,52,41,70,2,95,89,17,Image,Medium,3,0,5G,Outdoor,Energy Efficiency
399,89,81,63,5,74,61,32,Video,Medium,9,1,WiFi,Indoor,Low Latency
400,65,62,73,5,57,59,27,Sensor,Low,6,0,WiFi,Indoor,Energy Efficiency
401,55,48,11,5,55,62,48,Video,Medium,2,0,4G,Outdoor,Energy Efficiency
402,40,9,48,5,73,65,34,Video,High,1,1,4G,Outdoor,Low Latency
403,62,97,68,1,53,81,6,Image,High,5,0,5G,Outdoor,Low Latency
404,31,95,3,3,98,81,21,Sensor,Low,9,0,WiFi,Indoor,Energy Efficiency
405,44,82,97,1,76,86,27,Image,High,1,0,5G,Indoor,Energy Efficiency
406,13,61,45,3,53,78,14,Video,Low,4,0,4G,Indoor,Low Latency
407,86,50,43,4,58,81,32,Image,Medium,7,0,WiFi,Indoor,Low Latency
408,17,34,67,5,86,50,37,Sensor,Medium,5,1,WiFi,Outdoor,Energy Efficiency
409,26,27,80,1,83,82,46,Video,Medium,1,0,4G,Indoor,Energy Efficiency
410,90,22,86,2,96,83,8,Sensor,High,5,0,4G,Indoor,Energy Efficiency
411,71,78,24,2,52,74,35,Video,Medium,4,1,WiFi,Outdoor,Low Latency
412,70,18,19,1,61,98,44,Video,Medium,9,1,4G,Outdoor,Energy Efficiency
413,47,42,74,5,83,56,27,Image,High,7,1,WiFi,Outdoor,Low Latency
414,96,100,33,2,72,98,24,Video,Medium,1,1,4G,Outdoor,Energy Efficiency
415,43,55,30,2,83,94,9,Video,Medium,5,1,4G,Indoor,Energy Efficiency
416,67,75,12,1,66,81,39,Video,Medium,10,0,5G,Indoor,Energy Efficiency
417,17,4,87,3,94,65,33,Image,Low,9,0,4G,Outdoor,Low Latency
418,37,75,19,4,67,100,44,Image,High,1,0,4G,Indoor,Low Latency
419,21,71,29,2,84,99,5,Image,Low,4,0,WiFi,Indoor,Energy Efficiency
420,50,31,92,3,81,51,18,Video,High,7,1,WiFi,Indoor,Low Latency
421,30,38,20,3,65,79,17,Image,Medium,3,1,WiFi,Indoor,Low Latency
422,6,99,13,2,56,100,17,Video,Medium,8,1,5G,Outdoor,Low Latency
423,95,10,99,4,65,93,30,Sensor,Medium,9,1,WiFi,Outdoor,Energy Efficiency
424,65,81,20,4,51,78,13,Image,High,10,0,5G,Indoor,Energy Efficiency
425,70,35,65,2,50,52,50,Image,Low,5,1,WiFi,Indoor,Energy Efficiency
426,57,76,42,1,53,96,47,Sensor,Low,8,1,4G,Indoor,Low Latency
427,42,100,47,2,55,74,43,Sensor,Medium,5,0,4G,Outdoor,Low Latency
428,10,33,38,2,96,95,29,Sensor,High,6,1,4G,Indoor,Low Latency
429,26,16,46,4,73,70,48,Video,Medium,1,0,5G,Indoor,Low Latency
430,13,90,16,1,52,56,8,Sensor,Low,2,1,5G,Outdoor,Energy Efficiency
431,86,9,100,5,66,93,47,Image,Medium,6,0,5G,Outdoor,Energy Efficiency
432,32,37,13,3,73,50,30,Video,Low,2,0,5G,Indoor,Low Latency
433,16,88,90,1,81,58,19,Sensor,Low,4,1,WiFi,Outdoor,Energy Efficiency
434,31,0,79,5,74,84,25,Image,Low,4,1,5G,Indoor,Low Latency
435,62,19,38,2,90,64,47,Image,Medium,7,1,4G,Indoor,Energy Efficiency
436,74,18,2,3,98,79,9,Sensor,Low,3,0,WiFi,Outdoor,Energy Efficiency
437,41,47,88,3,53,87,10,Video,Low,2,0,4G,Outdoor,Energy Efficiency
438,72,58,50,2,50,66,26,Image,Low,1,0,5G,Outdoor,Energy Efficiency
439,89,12,40,5,68,57,39,Sensor,High,3,1,5G,Outdoor,Low Latency
440,53,74,21,5,75,98,17,Image,High,8,0,WiFi,Indoor,Low Latency
441,65,50,79,2,76,66,48,Sensor,High,3,0,4G,Outdoor,Energy Efficiency
442,54,35,98,3,91,97,30,Image,Low,4,1,5G,Indoor,Low Latency
443,44,39,24,1,99,97,5,Image,Medium,5,1,4G,Outdoor,Low Latency
444,74,40,49,1,90,95,33,Sensor,High,8,0,4G,Outdoor,Energy Efficiency
445,58,73,56,1,56,81,42,Image,Low,2,0,5G,Outdoor,Low Latency
446,39,2,3,5,86,86,32,Sensor,Low,6,0,5G,Indoor,Energy Efficiency
447,17,32,6,2,57,94,10,Video,Low,2,1,4G,Outdoor,Energy Efficiency
448,68,62,23,3,63,86,22,Image,High,2,0,4G,Indoor,Energy Efficiency
449,84,46,67,2,52,84,39,Sensor,Low,6,0,5G,Indoor,Energy Efficiency
450,71,74,34,4,65,52,24,Image,High,4,1,5G,Outdoor,Energy Efficiency
451,13,13,12,3,89,97,14,Image,Low,4,0,5G,Outdoor,Energy Efficiency
452,17,67,61,4,66,58,33,Image,Low,6,1,5G,Outdoor,Low Latency
453,20,26,89,2,82,82,41,Image,Low,1,0,5G,Outdoor,Energy Efficiency
454,9,1,18,2,59,50,47,Video,Medium,3,0,4G,Outdoor,Energy Efficiency
455,92,7,82,3,95,59,33,Image,Low,2,0,WiFi,Outdoor,Energy Efficiency
456,87,48,62,2,58,97,17,Image,Low,8,0,4G,Indoor,Energy Efficiency
457,55,18,80,1,94,52,15,Sensor,High,9,1,5G,Indoor,Energy Efficiency
458,8,2,4,2,86,94,50,Sensor,Low,5,0,WiFi,Outdoor,Energy Efficiency
459,97,88,59,4,52,82,6,Video,Low,7,0,5G,Indoor,Energy Efficiency
460,39,1,46,4,75,65,47,Sensor,High,2,0,5G,Indoor,Energy Efficiency
461,89,33,19,4,90,65,13,Video,Medium,10,1,5G,Outdoor,Low Latency
462,50,6,20,5,74,80,8,Video,High,5,0,WiFi,Outdoor,Energy Efficiency
463,56,50,77,4,82,94,16,Image,Low,2,1,5G,Outdoor,Low Latency
464,100,88,70,4,97,84,15,Image,High,5,0,4G,Outdoor,Low Latency
465,18,100,64,5,89,100,41,Video,Medium,7,1,5G,Indoor,Low Latency
466,15,36,91,5,61,58,33,Video,Low,4,0,4G,Indoor,Low Latency
467,12,52,32,1,89,70,34,Video,High,5,0,5G,Indoor,Energy Efficiency
468,83,98,31,2,62,54,17,Sensor,High,2,1,4G,Indoor,Low Latency
469,71,23,70,3,63,53,20,Image,Medium,9,0,WiFi,Outdoor,Energy Efficiency
470,76,2,41,1,90,97,37,Sensor,High,7,0,WiFi,Indoor,Energy Efficiency
471,87,44,77,5,81,54,11,Video,Medium,3,0,5G,Outdoor,Low Latency
472,19,28,61,3,82,50,44,Sensor,Medium,9,0,5G,Outdoor,Low Latency
473,23,31,100,1,95,96,20,Image,Low,1,0,5G,Indoor,Energy Efficiency
474,96,36,13,2,89,94,39,Video,Low,10,1,4G,Outdoor,Energy Efficiency
475,90,33,43,4,80,69,6,Image,High,7,0,WiFi,Indoor,Low Latency
476,16,15,18,3,81,73,21,Video,Low,10,0,WiFi,Outdoor,Energy Efficiency
477,42,79,74,1,98,76,25,Video,Medium,7,0,4G,Outdoor,Low Latency
478,65,40,22,5,82,60,5,Image,Low,5,0,WiFi,Outdoor,Low Latency
479,89,88,96,1,75,94,45,Image,Low,9,1,5G,Outdoor,Low Latency
480,25,68,99,4,77,61,28,Sensor,Medium,10,1,5G,Outdoor,Energy Efficiency
481,59,12,1,3,71,98,44,Image,High,5,1,4G,Outdoor,Energy Efficiency
482,18,84,45,1,76,74,7,Sensor,Medium,3,0,5G,Outdoor,Energy Efficiency
483,64,82,17,1,98,74,31,Video,Low,7,1,WiFi,Indoor,Energy Efficiency
484,22,92,59,4,68,73,24,Sensor,Low,6,1,WiFi,Outdoor,Low Latency
485,74,48,32,3,69,60,31,Image,Medium,2,1,4G,Indoor,Energy Efficiency
486,4,23,25,4,91,60,28,Video,Low,6,0,5G,Indoor,Low Latency
487,27,52,20,1,77,54,6,Video,High,9,1,4G,Indoor,Energy Efficiency
488,10,65,1,1,51,90,13,Video,Low,9,1,WiFi,Indoor,Low Latency
489,39,72,11,5,53,81,28,Image,Low,10,0,WiFi,Indoor,Energy Efficiency
490,27,21,40,5,57,92,40,Image,High,9,1,5G,Indoor,Low Latency
491,47,9,53,5,58,53,33,Sensor,Low,8,1,WiFi,Indoor,Low Latency
492,7,28,77,1,68,96,47,Video,Low,7,0,WiFi,Indoor,Low Latency
493,84,34,78,4,72,63,48,Sensor,Low,5,1,WiFi,Outdoor,Low Latency
494,47,94,81,5,90,69,36,Image,High,5,0,5G,Outdoor,Energy Efficiency
495,87,26,4,5,59,51,25,Image,Medium,4,1,4G,Indoor,Low Latency
496,68,49,19,1,51,57,31,Image,Low,10,0,4G,Outdoor,Energy Efficiency
497,22,32,88,5,97,52,26,Sensor,Low,6,0,5G,Outdoor,Energy Efficiency
498,97,54,94,5,56,64,5,Image,High,9,1,5G,Outdoor,Low Latency
499,52,14,29,3,98,75,15,Video,Low,7,0,4G,Indoor,Low Latency
500,28,45,88,2,66,80,49,Sensor,Low,8,0,WiFi,Indoor,Energy Efficiency
501,88,20,76,1,76,52,6,Image,Low,4,0,WiFi,Indoor,Low Latency
502,87,89,71,1,94,93,50,Sensor,Low,10,0,4G,Indoor,Energy Efficiency
503,87,84,30,4,64,55,42,Sensor,High,6,1,WiFi,Outdoor,Low Latency
504,6,55,43,4,98,62,35,Video,High,5,1,4G,Outdoor,Low Latency
505,45,89,42,2,58,54,49,Video,High,4,0,4G,Outdoor,Energy Efficiency
506,83,28,72,5,100,73,40,Sensor,High,8,0,4G,Outdoor,Low Latency
507,83,7,81,2,100,88,11,Image,Low,5,0,WiFi,Indoor,Low Latency
508,66,0,5,5,85,94,34,Video,Low,4,0,4G,Indoor,Low Latency
509,61,88,23,3,93,83,37,Sensor,Low,2,1,WiFi,Indoor,Low Latency
510,33,84,7,3,54,73,42,Video,High,3,1,4G,Indoor,Low Latency
511,84,25,100,5,83,83,7,Video,High,9,0,5G,Indoor,Energy Efficiency
512,21,42,96,2,80,77,39,Sensor,High,7,0,WiFi,Indoor,Low Latency
513,64,90,35,5,76,64,49,Sensor,High,2,0,4G,Outdoor,Energy Efficiency
514,41,65,76,5,53,69,37,Image,High,2,0,WiFi,Indoor,Energy Efficiency
515,74,67,53,3,51,61,19,Video,Medium,9,0,4G,Indoor,Low Latency
516,97,61,44,4,56,61,14,Sensor,Medium,8,1,5G,Indoor,Energy Efficiency
517,88,98,17,2,100,52,45,Sensor,Medium,2,0,5G,Outdoor,Energy Efficiency
518,51,98,78,3,65,82,29,Image,Medium,3,0,WiFi,Outdoor,Low Latency
519,63,1,84,4,97,100,49,Sensor,High,7,1,5G,Outdoor,Energy Efficiency
520,34,90,68,1,60,61,19,Image,Medium,1,0,5G,Indoor,Low Latency
521,30,16,66,5,64,92,42,Image,Low,1,0,WiFi,Indoor,Low Latency
522,16,18,44,1,77,58,24,Video,Low,4,0,4G,Indoor,Low Latency
523,96,37,89,5,95,59,30,Image,Medium,2,0,WiFi,Indoor,Energy Efficiency
524,8,35,96,4,76,58,40,Image,High,1,1,WiFi,Indoor,Energy Efficiency
525,82,18,8,5,65,74,34,Sensor,Low,4,0,4G,Indoor,Energy Efficiency
526,37,3,94,1,69,62,18,Sensor,Medium,10,1,WiFi,Outdoor,Energy Efficiency
527,15,59,2,3,58,55,11,Sensor,Medium,8,1,WiFi,Outdoor,Low Latency
528,97,82,46,3,74,56,15,Image,Low,1,0,5G,Indoor,Low Latency
529,16,96,15,3,73,77,38,Sensor,Low,3,0,5G,Indoor,Energy Efficiency
530,20,42,19,2,68,86,13,Sensor,High,1,1,4G,Indoor,Low Latency
531,85,40,65,5,98,86,10,Video,High,4,0,WiFi,Outdoor,Energy Efficiency
532,34,47,47,1,80,70,38,Image,Low,5,0,4G,Outdoor,Low Latency
533,55,31,94,2,53,71,33,Sensor,High,3,1,5G,Outdoor,Low Latency
534,0,31,69,2,51,92,50,Image,Medium,4,0,4G,Outdoor,Low Latency
535,22,77,39,4,77,57,40,Sensor,Medium,6,1,4G,Outdoor,Energy Efficiency
536,85,47,78,5,53,63,8,Video,High,1,0,4G,Indoor,Low Latency
537,79,95,36,5,53,73,22,Video,High,1,0,WiFi,Indoor,Low Latency
538,88,16,57,5,70,55,46,Image,High,8,0,4G,Outdoor,Low Latency
539,16,35,23,1,54,66,21,Image,High,5,0,5G,Indoor,Low Latency
540,43,20,74,2,82,88,41,Video,Medium,7,1,4G,Indoor,Low Latency
541,3,100,95,5,69,95,31,Sensor,Medium,3,1,WiFi,Indoor,Low Latency
542,75,100,41,4,67,94,49,Image,High,10,1,4G,Outdoor,Energy Efficiency
543,64,89,74,4,71,50,41,Sensor,High,6,1,5G,Outdoor,Energy Efficiency
544,64,3,74,4,65,98,19,Image,Medium,6,1,4G,Outdoor,Low Latency
545,65,40,27,2,76,69,12,Image,Medium,10,1,4G,Outdoor,Low Latency
546,89,16,91,1,71,92,47,Sensor,High,9,1,4G,Indoor,Low Latency
547,83,22,57,2,63,53,19,Video,Medium,2,0,WiFi,Outdoor,Energy Efficiency
548,30,86,55,4,88,90,22,Video,Medium,2,1,4G,Outdoor,Low Latency
549,46,75,23,2,60,61,21,Image,Medium,7,1,4G,Outdoor,Energy Efficiency
550,99,60,24,2,77,75,16,Video,High,6,0,WiFi,Indoor,Energy Efficiency
551,65,77,47,3,93,97,39,Image,High,6,1,WiFi,Indoor,Energy Efficiency
552,67,28,94,4,89,89,37,Image,Medium,1,1,4G,Indoor,Low Latency
553,76,41,87,5,60,58,25,Image,Low,10,0,5G,Outdoor,Low Latency
554,80,81,97,2,68,58,39,Sensor,Medium,7,1,WiFi,Indoor,Energy Efficiency
555,36,77,33,1,99,61,39,Sensor,Low,1,0,5G,Indoor,Energy Efficiency
556,17,17,58,3,95,87,6,Image,Medium,8,1,5G,Outdoor,Energy Efficiency
557,42,99,76,3,64,61,19,Video,High,6,1,4G,Indoor,Energy Efficiency
558,55,89,89,3,83,51,8,Video,High,8,0,4G,Indoor,Energy Efficiency
559,84,22,3,3,84,99,23,Image,High,3,0,WiFi,Outdoor,Low Latency
560,54,36,4,1,56,83,8,Video,High,9,1,WiFi,Outdoor,Low Latency
561,2,89,92,2,67,54,33,Image,High,10,1,5G,Indoor,Low Latency
562,33,47,59,1,70,90,44,Image,Low,8,1,5G,Outdoor,Energy Efficiency
563,90,89,57,3,63,98,22,Sensor,Medium,2,1,WiFi,Outdoor,Energy Efficiency
564,67,89,88,4,68,82,12,Image,Medium,6,0,4G,Outdoor,Low Latency
565,88,54,40,2,100,74,50,Video,Low,10,1,4G,Outdoor,Energy Efficiency
566,56,79,10,3,53,53,28,Video,High,8,0,5G,Outdoor,Energy Efficiency
567,31,36,22,5,51,95,11,Image,Low,2,1,5G,Indoor,Low Latency
568,2,96,98,3,83,97,42,Sensor,High,3,0,WiFi,Indoor,Energy Efficiency
569,1,75,33,4,76,79,16,Sensor,Low,2,1,4G,Indoor,Energy Efficiency
570,34,62,50,4,87,98,41,Sensor,Low,10,0,4G,Indoor,Low Latency
571,9,67,20,5,87,89,24,Sensor,Low,4,0,4G,Outdoor,Energy Efficiency
572,89,61,31,1,83,69,19,Image,Low,5,1,5G,Outdoor,Low Latency
573,56,10,37,3,93,58,5,Sensor,Low,9,0,4G,Outdoor,Low Latency
574,43,1,69,4,87,52,45,Image,Medium,8,1,5G,Indoor,Low Latency
575,28,27,10,5,94,88,11,Image,Low,8,0,5G,Indoor,Low Latency
576,26,82,47,5,83,78,40,Image,High,4,1,WiFi,Outdoor,Low Latency
577,69,98,44,2,61,77,27,Video,Medium,10,0,WiFi,Indoor,Low Latency
578,69,35,5,3,67,95,35,Video,Low,8,1,5G,Indoor,Energy Efficiency
579,27,73,91,4,76,59,29,Video,Low,7,1,WiFi,Indoor,Energy Efficiency
580,38,31,65,4,90,89,25,Sensor,Low,1,1,5G,Indoor,Low Latency
581,40,45,79,5,96,76,24,Sensor,Medium,9,1,4G,Indoor,Low Latency
582,35,62,30,2,58,59,47,Sensor,Low,10,1,WiFi,Indoor,Low Latency
583,85,55,63,4,72,94,41,Image,High,7,1,5G,Indoor,Energy Efficiency
584,8,94,21,2,63,58,49,Video,Medium,4,0,WiFi,Indoor,Energy Efficiency
585,96,14,80,5,51,82,12,Image,Medium,3,1,5G,Outdoor,Energy Efficiency
586,34,91,94,4,66,78,24,Video,Low,1,1,WiFi,Indoor,Energy Efficiency
587,24,23,76,3,79,76,17,Image,Low,7,1,WiFi,Indoor,Energy Efficiency
588,62,36,52,5,72,68,27,Video,High,5,0,4G,Indoor,Energy Efficiency
589,6,10,90,3,50,94,43,Video,High,3,0,4G,Outdoor,Low Latency
590,23,35,25,2,62,82,12,Sensor,High,8,0,5G,Outdoor,Energy Efficiency
591,73,86,76,1,55,62,12,Video,Medium,5,1,WiFi,Indoor,Energy Efficiency
592,89,36,26,1,94,78,48,Image,Medium,4,1,5G,Indoor,Low Latency
593,66,61,94,2,59,82,31,Video,Low,4,1,5G,Outdoor,Low Latency
594,2,58,70,4,91,73,9,Image,High,6,1,WiFi,Indoor,Low Latency
595,70,15,14,2,87,89,30,Image,High,4,0,5G,Outdoor,Low Latency
596,65,33,79,5,54,77,38,Image,Medium,3,1,5G,Indoor,Energy Efficiency
597,58,35,62,1,58,99,40,Image,Medium,2,1,4G,Indoor,Energy Efficiency
598,4,19,99,2,66,82,33,Video,Low,5,0,5G,Indoor,Energy Efficiency
599,35,8,23,4,63,63,14,Sensor,High,8,1,4G,Outdoor,Low Latency
600,84,62,64,5,65,86,25,Sensor,Low,5,1,5G,Outdoor,Low Latency
601,56,61,11,3,85,84,48,Video,Low,1,0,WiFi,Outdoor,Low Latency
602,4,41,40,1,91,63,44,Video,High,3,1,WiFi,Indoor,Energy Efficiency
603,96,0,78,5,86,68,6,Video,Medium,9,0,4G,Indoor,Energy Efficiency
604,61,79,21,5,88,94,5,Sensor,High,1,0,5G,Outdoor,Low Latency
605,6,86,42,5,59,92,44,Image,Medium,9,1,4G,Indoor,Energy Efficiency
606,63,23,23,4,79,80,6,Video,Low,4,1,4G,Indoor,Energy Efficiency
607,46,85,73,5,55,59,14,Sensor,Medium,3,0,WiFi,Outdoor,Low Latency
608,34,95,26,3,67,94,22,Sensor,Medium,4,0,WiFi,Outdoor,Low Latency
609,51,7,100,5,84,92,9,Image,Medium,6,0,5G,Outdoor,Low Latency
610,71,77,86,1,93,96,16,Sensor,High,3,1,4G,Outdoor,Energy Efficiency
611,0,27,6,5,63,54,24,Image,High,9,1,WiFi,Indoor,Energy Efficiency
612,39,39,64,4,60,100,27,Image,Low,6,1,5G,Outdoor,Low Latency
613,92,49,16,5,58,80,11,Video,Medium,5,1,4G,Outdoor,Low Latency
614,83,75,55,4,53,79,46,Sensor,Medium,1,1,WiFi,Indoor,Low Latency
615,29,48,22,1,78,99,8,Image,High,5,0,WiFi,Outdoor,Low Latency
616,19,83,34,4,52,83,17,Image,High,1,0,4G,Outdoor,Low Latency
617,6,97,91,3,59,77,10,Image,Low,1,1,WiFi,Outdoor,Low Latency
618,37,10,10,4,82,51,37,Image,High,9,1,WiFi,Indoor,Low Latency
619,97,90,98,1,87,77,10,Sensor,Medium,5,0,4G,Indoor,Energy Efficiency
620,33,39,53,4,56,60,43,Sensor,Medium,8,0,WiFi,Outdoor,Energy Efficiency
621,32,23,24,4,88,96,12,Image,Low,9,1,4G,Outdoor,Energy Efficiency
622,70,0,73,2,64,74,9,Sensor,Medium,4,1,4G,Indoor,Low Latency
623,74,17,14,5,80,77,46,Sensor,High,3,0,4G,Indoor,Low Latency
624,54,10,31,5,89,84,33,Sensor,High,10,1,5G,Outdoor,Low Latency
625,36,100,94,1,69,86,28,Video,Low,3,1,4G,Indoor,Energy Efficiency
626,76,30,67,1,67,55,18,Sensor,Low,7,0,5G,Outdoor,Energy Efficiency
627,25,83,51,2,51,93,19,Sensor,High,7,0,4G,Indoor,Energy Efficiency
628,31,30,42,5,75,98,42,Sensor,High,2,1,WiFi,Indoor,Low Latency
629,89,65,85,5,91,67,48,Image,Medium,9,0,WiFi,Outdoor,Energy Efficiency
630,18,94,46,1,95,77,22,Video,High,3,1,5G,Outdoor,Energy Efficiency
631,20,16,73,5,84,82,15,Video,Low,7,1,5G,Outdoor,Energy Efficiency
632,80,81,72,5,88,55,5,Image,High,3,1,5G,Indoor,Energy Efficiency
633,69,40,48,5,57,57,38,Sensor,High,9,0,4G,Outdoor,Low Latency
634,18,57,45,4,85,82,16,Sensor,Medium,5,0,WiFi,Indoor,Low Latency
635,5,61,23,5,58,50,49,Image,Low,2,0,4G,Outdoor,Energy Efficiency
636,23,57,2,4,80,98,16,Image,High,6,0,4G,Indoor,Low Latency
637,66,18,96,3,52,70,19,Image,Low,9,1,5G,Indoor,Low Latency
638,69,65,17,4,84,99,30,Sensor,High,1,0,4G,Indoor,Energy Efficiency
639,90,34,54,1,52,54,40,Sensor,High,3,1,5G,Outdoor,Energy Efficiency
640,15,31,71,2,96,100,43,Sensor,Low,1,0,5G,Outdoor,Low Latency
641,59,30,70,2,80,93,32,Video,Medium,7,0,WiFi,Outdoor,Energy Efficiency
642,91,22,21,5,97,72,48,Sensor,Low,10,1,4G,Outdoor,Energy Efficiency
643,56,53,52,4,68,73,19,Sensor,Medium,1,1,4G,Indoor,Low Latency
644,48,56,6,1,68,77,18,Sensor,Low,5,0,WiFi,Outdoor,Low Latency
645,98,65,93,2,99,54,18,Sensor,Medium,9,1,WiFi,Indoor,Low Latency
646,34,3,13,5,77,58,41,Image,High,8,1,WiFi,Outdoor,Low Latency
647,34,40,13,3,57,78,7,Image,Medium,9,0,WiFi,Outdoor,Low Latency
648,64,55,47,5,64,50,8,Video,Low,8,1,4G,Outdoor,Energy Efficiency
649,46,100,34,2,94,61,47,Image,Medium,7,1,5G,Indoor,Energy Efficiency
650,1,41,47,3,73,79,21,Video,High,6,0,5G,Indoor,Low Latency
651,2,56,38,4,72,68,30,Image,Low,10,1,4G,Outdoor,Energy Efficiency
652,57,98,15,2,71,68,37,Sensor,Medium,7,1,WiFi,Outdoor,Energy Efficiency
653,35,62,75,5,94,88,8,Sensor,High,6,1,WiFi,Indoor,Energy Efficiency
654,88,87,96,4,71,78,11,Image,High,3,1,WiFi,Outdoor,Low Latency
655,71,46,46,2,90,61,28,Image,Low,4,1,5G,Outdoor,Energy Efficiency
656,71,29,7,2,70,90,34,Video,Medium,8,1,5G,Outdoor,Energy Efficiency
657,98,99,44,2,78,74,21,Image,Medium,2,0,WiFi,Indoor,Low Latency
658,52,88,22,1,96,68,29,Video,High,4,1,4G,Indoor,Energy Efficiency
659,27,68,94,2,88,67,49,Video,Low,6,0,5G,Indoor,Energy Efficiency
660,9,92,55,3,58,74,14,Image,Low,1,1,WiFi,Outdoor,Low Latency
661,9,48,21,3,88,83,25,Image,High,2,0,4G,Outdoor,Low Latency
662,69,87,70,3,51,55,46,Video,Medium,10,0,5G,Outdoor,Low Latency
663,57,14,55,5,74,88,41,Image,Medium,6,0,4G,Indoor,Low Latency
664,45,51,25,1,62,58,22,Video,High,8,0,4G,Indoor,Energy Efficiency
665,29,4,17,5,80,79,17,Video,Low,3,0,WiFi,Indoor,Energy Efficiency
666,47,59,39,4,90,59,45,Image,Medium,1,0,WiFi,Outdoor,Energy Efficiency
667,88,39,11,2,62,73,46,Sensor,Low,7,1,4G,Indoor,Energy Efficiency
668,91,95,98,4,100,97,37,Sensor,Low,3,1,WiFi,Indoor,Low Latency
669,44,56,88,4,56,50,27,Video,Medium,10,1,4G,Indoor,Energy Efficiency
670,56,18,98,4,86,70,36,Image,High,4,0,WiFi,Outdoor,Energy Efficiency
671,17,15,39,5,100,87,35,Image,Medium,4,0,WiFi,Outdoor,Low Latency
672,11,10,3,4,81,54,44,Sensor,High,9,0,4G,Outdoor,Low Latency
673,26,91,30,5,96,87,45,Video,Medium,3,1,4G,Indoor,Energy Efficiency
674,8,42,11,1,64,73,22,Sensor,Low,9,1,WiFi,Indoor,Energy Efficiency
675,84,2,6,4,86,77,22,Sensor,Medium,9,0,4G,Outdoor,Energy Efficiency
676,65,15,99,2,78,71,34,Video,High,4,1,4G,Outdoor,Energy Efficiency
677,20,58,62,1,90,85,14,Video,Medium,3,1,WiFi,Outdoor,Low Latency
678,40,74,54,2,57,54,14,Image,Medium,3,0,4G,Outdoor,Low Latency
679,78,30,94,2,56,99,5,Image,High,7,0,5G,Indoor,Low Latency
680,19,18,48,3,85,92,23,Video,Low,6,0,5G,Indoor,Low Latency
681,17,14,72,2,100,83,44,Sensor,High,3,0,4G,Indoor,Low Latency
682,41,65,22,5,88,59,11,Video,Low,2,1,WiFi,Outdoor,Energy Efficiency
683,79,89,20,5,91,79,8,Image,Low,7,1,5G,Outdoor,Energy Efficiency
684,56,54,75,2,80,64,36,Image,Medium,7,0,5G,Indoor,Energy Efficiency
685,19,80,38,5,71,66,24,Image,High,2,1,5G,Outdoor,Energy Efficiency
686,39,68,11,4,83,66,14,Video,Medium,1,0,5G,Outdoor,Energy Efficiency
687,97,75,29,1,100,53,7,Video,High,5,0,4G,Outdoor,Low Latency
688,52,87,83,1,71,95,11,Sensor,Low,7,1,4G,Outdoor,Low Latency
689,69,84,63,4,99,56,42,Video,Medium,5,0,4G,Outdoor,Energy Efficiency
690,78,11,13,1,69,74,46,Video,Low,2,0,4G,Outdoor,Energy Efficiency
691,81,48,93,4,87,99,11,Image,Medium,9,0,4G,Outdoor,Energy Efficiency
692,72,29,50,3,95,100,19,Image,High,8,1,5G,Outdoor,Energy Efficiency
693,4,73,14,5,83,87,41,Video,Low,4,0,5G,Outdoor,Low Latency
694,13,45,90,3,64,77,19,Image,High,9,1,WiFi,Indoor,Low Latency
695,1,74,14,5,90,78,47,Video,Low,2,0,WiFi,Outdoor,Energy Efficiency
696,58,87,9,2,89,59,39,Image,High,1,1,5G,Indoor,Low Latency
697,87,3,12,2,93,60,9,Sensor,High,2,1,5G,Outdoor,Energy Efficiency
698,92,78,47,4,79,67,40,Sensor,High,2,1,5G,Outdoor,Energy Efficiency
699,39,99,25,1,90,85,37,Sensor,Low,7,1,5G,Indoor,Energy Efficiency
700,49,47,44,5,58,67,47,Image,Medium,10,0,5G,Outdoor,Low Latency
701,34,53,63,2,79,88,9,Image,Low,2,1,WiFi,Indoor,Energy Efficiency
702,13,91,8,1,76,98,39,Image,Low,4,1,5G,Outdoor,Energy Efficiency
703,56,53,86,1,96,77,12,Sensor,High,8,1,WiFi,Outdoor,Energy Efficiency
704,54,32,13,5,83,95,28,Sensor,High,3,1,5G,Outdoor,Energy Efficiency
705,58,78,67,3,98,60,49,Sensor,Low,4,1,5G,Indoor,Energy Efficiency
706,69,14,51,2,64,74,42,Video,Medium,6,0,WiFi,Outdoor,Low Latency
707,4,16,43,1,54,53,41,Video,Low,6,0,4G,Indoor,Low Latency
708,62,49,96,4,76,92,23,Video,High,9,0,4G,Indoor,Low Latency
709,54,74,99,4,89,91,40,Sensor,Medium,4,1,5G,Outdoor,Energy Efficiency
710,98,62,32,5,52,61,31,Image,High,7,0,4G,Indoor,Energy Efficiency
711,16,98,34,4,84,86,26,Sensor,High,9,0,WiFi,Outdoor,Energy Efficiency
712,28,69,5,1,90,58,34,Video,Low,4,1,WiFi,Indoor,Energy Efficiency
713,51,69,74,5,86,70,11,Video,High,4,0,5G,Indoor,Energy Efficiency
714,96,35,99,2,62,72,34,Sensor,High,4,0,4G,Indoor,Low Latency
715,64,65,17,1,62,54,11,Sensor,Low,9,0,5G,Outdoor,Energy Efficiency
716,92,21,47,1,99,62,38,Image,Low,6,0,5G,Indoor,Low Latency
717,38,6,39,5,97,98,23,Image,High,8,1,4G,Outdoor,Energy Efficiency
718,0,51,64,4,79,85,17,Image,Medium,4,0,5G,Outdoor,Energy Efficiency
719,47,79,56,3,60,95,34,Sensor,Low,1,0,4G,Indoor,Low Latency
720,71,70,74,5,78,87,45,Sensor,Medium,10,1,5G,Outdoor,Low Latency
721,4,18,46,3,74,71,20,Video,Low,7,1,WiFi,Indoor,Energy Efficiency
722,68,7,52,1,54,66,9,Image,Low,9,1,WiFi,Outdoor,Energy Efficiency
723,6,26,4,2,53,68,14,Sensor,Low,8,0,5G,Outdoor,Low Latency
724,76,34,97,4,64,67,11,Video,High,3,0,WiFi,Outdoor,Low Latency
725,13,14,99,4,96,71,30,Video,Medium,3,0,WiFi,Indoor,Low Latency
726,34,5,89,2,99,71,22,Image,Low,5,0,5G,Indoor,Energy Efficiency
727,13,77,75,5,53,89,24,Video,Low,3,1,WiFi,Outdoor,Low Latency
728,32,66,81,2,77,59,26,Image,Low,3,1,5G,Indoor,Low Latency
729,34,11,43,2,99,92,42,Sensor,High,10,0,4G,Outdoor,Energy Efficiency
730,99,30,40,3,97,97,10,Sensor,Medium,6,0,4G,Indoor,Energy Efficiency
731,3,41,33,1,52,87,49,Sensor,High,3,1,5G,Indoor,Low Latency
732,19,17,59,3,51,97,32,Video,High,8,0,4G,Outdoor,Energy Efficiency
733,63,96,13,1,69,64,32,Image,Medium,2,0,WiFi,Outdoor,Energy Efficiency
734,31,2,27,1,52,64,9,Sensor,High,9,0,5G,Indoor,Energy Efficiency
735,0,52,26,3,88,87,23,Sensor,Medium,4,1,4G,Outdoor,Low Latency
736,20,18,54,2,57,65,8,Video,Low,7,1,5G,Indoor,Energy Efficiency
737,87,24,72,4,70,70,8,Image,Low,8,0,WiFi,Outdoor,Energy Efficiency
738,5,74,13,2,72,55,37,Sensor,Low,3,1,5G,Outdoor,Low Latency
739,87,4,32,2,67,64,10,Sensor,Low,4,1,WiFi,Indoor,Energy Efficiency
740,7,42,72,4,78,64,46,Sensor,High,7,0,4G,Outdoor,Low Latency
741,98,100,37,5,97,92,7,Sensor,Low,5,0,4G,Indoor,Energy Efficiency
742,79,22,96,5,57,74,43,Video,Medium,7,0,5G,Outdoor,Energy Efficiency
743,66,55,62,5,79,97,22,Sensor,Low,9,1,5G,Outdoor,Energy Efficiency
744,29,26,9,5,70,96,9,Image,Medium,5,0,4G,Indoor,Energy Efficiency
745,86,1,19,3,55,92,50,Video,Low,1,0,5G,Outdoor,Energy Efficiency
746,57,94,49,5,74,50,32,Video,Low,5,1,WiFi,Indoor,Low Latency
747,4,68,42,3,66,76,34,Image,Medium,1,0,4G,Indoor,Low Latency
748,92,16,21,2,78,67,16,Image,High,8,0,5G,Outdoor,Energy Efficiency
749,24,21,66,1,51,91,26,Video,Medium,4,0,4G,Outdoor,Low Latency
750,26,56,93,4,83,90,20,Image,High,3,1,WiFi,Indoor,Low Latency
751,48,78,29,1,67,77,10,Video,Low,1,1,WiFi,Indoor,Low Latency
752,34,81,48,5,61,86,8,Video,Medium,9,1,5G,Outdoor,Energy Efficiency
753,100,25,43,4,67,80,43,Video,Medium,1,0,4G,Indoor,Energy Efficiency
754,96,66,13,4,61,96,48,Image,Medium,1,0,4G,Indoor,Energy Efficiency
755,27,74,50,3,51,89,42,Sensor,Low,6,1,WiFi,Indoor,Energy Efficiency
756,65,88,97,4,86,65,36,Sensor,Medium,5,0,4G,Outdoor,Energy Efficiency
757,74,42,74,5,63,77,30,Video,Low,3,0,5G,Outdoor,Low Latency
758,81,42,5,4,69,57,33,Video,Medium,5,0,WiFi,Indoor,Low Latency
759,18,6,60,5,76,64,45,Image,Low,6,0,WiFi,Indoor,Energy Efficiency
760,74,80,68,2,78,96,14,Image,Medium,8,0,5G,Indoor,Energy Efficiency
761,61,41,7,1,75,92,28,Video,High,7,0,4G,Indoor,Low Latency
762,71,35,70,5,62,59,49,Image,Medium,9,0,WiFi,Indoor,Low Latency
763,81,60,27,3,98,70,49,Image,High,10,1,WiFi,Indoor,Low Latency
764,40,57,50,4,67,82,27,Image,Medium,5,0,4G,Indoor,Low Latency
765,26,72,84,1,80,97,33,Video,High,9,1,5G,Indoor,Low Latency
766,100,88,73,5,87,84,21,Video,High,4,1,4G,Indoor,Energy Efficiency
767,95,53,28,2,61,81,15,Video,Low,1,0,5G,Outdoor,Low Latency
768,53,12,20,3,91,72,18,Sensor,Medium,7,0,5G,Outdoor,Energy Efficiency
769,80,26,33,5,68,72,7,Video,Low,2,1,5G,Indoor,Low Latency
770,65,30,62,5,85,82,50,Video,Medium,7,1,5G,Indoor,Low Latency
771,18,2,77,1,53,67,37,Sensor,Low,10,0,4G,Outdoor,Low Latency
772,67,36,18,4,95,68,14,Image,Low,10,0,4G,Outdoor,Energy Efficiency
773,2,68,69,3,85,50,26,Image,Medium,6,1,WiFi,Outdoor,Low Latency
774,8,30,29,1,93,76,15,Sensor,High,10,0,5G,Indoor,Low Latency
775,54,52,49,3,79,92,8,Image,High,8,1,WiFi,Outdoor,Low Latency
776,73,4,25,2,63,98,13,Sensor,Low,9,1,WiFi,Indoor,Energy Efficiency
777,88,56,75,2,90,74,16,Sensor,Low,2,1,5G,Indoor,Low Latency
778,22,98,12,4,62,57,23,Sensor,Low,9,0,5G,Outdoor,Low Latency
779,30,48,72,4,79,85,20,Video,High,4,0,4G,Outdoor,Low Latency
780,27,57,85,3,98,60,7,Image,Low,10,1,WiFi,Outdoor,Low Latency
781,27,45,7,1,75,73,28,Video,Low,2,0,4G,Indoor,Energy Efficiency
782,36,38,98,5,91,79,18,Image,High,4,0,5G,Indoor,Energy Efficiency
783,54,49,42,2,98,56,47,Video,Medium,1,1,4G,Indoor,Energy Efficiency
784,40,82,52,1,59,81,10,Video,Medium,1,0,5G,Outdoor,Low Latency
785,29,27,15,5,99,73,20,Image,Medium,4,0,WiFi,Indoor,Low Latency
786,1,52,27,3,80,51,33,Video,High,1,0,WiFi,Indoor,Energy Efficiency
787,15,82,67,3,80,77,37,Sensor,High,9,1,4G,Outdoor,Energy Efficiency
788,5,21,98,2,55,86,25,Video,Low,6,0,4G,Outdoor,Low Latency
789,24,66,0,4,81,94,43,Sensor,High,4,1,4G,Indoor,Energy Efficiency
790,46,59,71,2,58,90,24,Sensor,High,4,0,5G,Outdoor,Low Latency
791,93,40,91,1,78,87,19,Image,Medium,1,0,5G,Indoor,Low Latency
792,76,30,31,1,93,87,9,Image,Medium,2,1,WiFi,Outdoor,Energy Efficiency
793,56,36,45,2,60,52,22,Sensor,Low,6,0,5G,Indoor,Energy Efficiency
794,8,40,67,1,70,55,42,Image,High,4,0,4G,Indoor,Low Latency
795,33,47,95,2,94,96,29,Image,High,3,0,WiFi,Indoor,Energy Efficiency
796,4,29,70,2,63,71,13,Sensor,Medium,9,1,WiFi,Outdoor,Energy Efficiency
797,78,13,83,3,69,64,18,Sensor,Low,4,1,4G,Outdoor,Energy Efficiency
798,21,53,48,3,92,89,45,Sensor,Medium,2,1,4G,Indoor,Low Latency
799,67,13,43,2,99,89,8,Sensor,Medium,7,0,4G,Outdoor,Energy Efficiency
800,39,83,6,5,72,69,40,Video,Low,10,1,WiFi,Indoor,Low Latency
801,81,53,19,1,64,67,31,Video,High,3,1,5G,Indoor,Low Latency
802,88,60,76,5,51,89,6,Sensor,High,7,0,4G,Outdoor,Low Latency
803,70,46,30,1,88,56,20,Sensor,Medium,1,0,5G,Outdoor,Energy Efficiency
804,5,37,5,3,100,73,50,Sensor,High,9,1,5G,Outdoor,Low Latency
805,45,28,4,3,76,98,9,Sensor,Medium,8,0,WiFi,Indoor,Energy Efficiency
806,45,61,55,1,94,81,24,Image,High,4,1,WiFi,Indoor,Low Latency
807,100,53,18,4,85,59,46,Video,Low,9,0,WiFi,Indoor,Low Latency
808,99,52,12,4,78,78,26,Image,Medium,9,1,WiFi,Indoor,Low Latency
809,11,87,52,5,96,74,30,Image,Medium,6,1,WiFi,Outdoor,Energy Efficiency
810,71,47,87,2,85,59,22,Sensor,Low,6,0,5G,Outdoor,Low Latency
811,67,100,54,3,58,72,25,Video,Low,4,0,4G,Outdoor,Low Latency
812,62,88,38,4,78,79,5,Video,Low,6,0,5G,Outdoor,Low Latency
813,36,19,65,3,89,53,24,Image,High,7,1,WiFi,Indoor,Low Latency
814,57,75,71,5,96,72,31,Video,Low,10,0,4G,Outdoor,Low Latency
815,2,63,43,3,94,71,29,Sensor,Low,3,0,WiFi,Indoor,Low Latency
816,37,10,41,1,86,80,16,Video,High,4,1,4G,Indoor,Energy Efficiency
817,58,50,23,5,80,60,50,Sensor,High,10,0,4G,Indoor,Low Latency
818,22,1,15,1,95,64,11,Sensor,High,4,0,5G,Indoor,Low Latency
819,37,60,14,3,64,76,46,Image,Medium,5,0,5G,Indoor,Energy Efficiency
820,73,8,70,3,70,99,36,Sensor,High,3,0,4G,Indoor,Energy Efficiency
821,95,90,54,2,59,89,28,Sensor,Medium,10,0,4G,Indoor,Low Latency
822,55,76,64,4,72,85,7,Image,Medium,10,0,4G,Outdoor,Energy Efficiency
823,33,76,39,3,94,81,49,Video,Low,8,0,WiFi,Outdoor,Energy Efficiency
824,82,60,5,4,55,68,13,Video,High,2,1,4G,Outdoor,Low Latency
825,82,51,65,4,96,61,41,Image,Medium,5,1,5G,Outdoor,Energy Efficiency
826,71,27,44,3,74,58,21,Sensor,Medium,8,0,4G,Outdoor,Energy Efficiency
827,71,62,45,1,57,78,19,Video,Low,2,0,4G,Outdoor,Low Latency
828,93,96,69,3,79,71,6,Image,Low,10,1,WiFi,Outdoor,Energy Efficiency
829,41,73,23,1,76,53,39,Video,Low,1,1,5G,Outdoor,Energy Efficiency
830,93,39,85,3,55,60,26,Sensor,Medium,3,1,4G,Outdoor,Energy Efficiency
831,51,52,65,5,80,67,5,Image,High,4,1,5G,Outdoor,Energy Efficiency
832,67,50,73,1,90,60,45,Sensor,Medium,10,0,4G,Indoor,Energy Efficiency
833,61,3,4,1,91,75,32,Image,Medium,5,0,5G,Indoor,Low Latency
834,92,38,33,2,82,70,46,Sensor,High,1,1,WiFi,Indoor,Low Latency
835,20,32,85,5,68,73,19,Image,Medium,8,1,4G,Indoor,Low Latency
836,70,88,81,2,95,93,26,Video,Low,8,1,WiFi,Outdoor,Low Latency
837,76,30,69,5,98,86,16,Video,Medium,2,1,4G,Outdoor,Energy Efficiency
838,44,39,63,3,86,58,5,Sensor,Low,10,0,4G,Indoor,Energy Efficiency
839,59,75,93,1,93,82,6,Sensor,Low,4,1,WiFi,Outdoor,Low Latency
840,45,13,87,5,70,62,43,Image,Low,6,1,4G,Outdoor,Energy Efficiency
841,77,60,45,4,76,50,48,Video,Medium,1,1,4G,Indoor,Low Latency
842,57,45,24,1,53,95,27,Video,Low,10,0,4G,Indoor,Energy Efficiency
843,96,79,45,4,77,64,37,Video,Low,8,0,5G,Outdoor,Low Latency
844,98,29,94,2,62,84,43,Sensor,Low,2,0,WiFi,Outdoor,Low Latency
845,41,56,59,3,82,62,11,Image,Low,3,1,4G,Indoor,Energy Efficiency
846,87,7,10,2,51,84,48,Sensor,Medium,5,0,WiFi,Indoor,Energy Efficiency
847,26,3,16,3,71,80,25,Sensor,Medium,6,0,5G,Indoor,Energy Efficiency
848,39,87,39,3,74,75,11,Video,Medium,6,0,WiFi,Indoor,Energy Efficiency
849,50,37,44,5,62,54,26,Image,Low,6,0,5G,Outdoor,Energy Efficiency
850,97,22,52,3,71,52,12,Sensor,Medium,3,0,4G,Indoor,Low Latency
851,71,67,46,4,81,93,40,Video,Medium,10,0,WiFi,Indoor,Energy Efficiency
852,55,34,16,4,57,83,12,Image,Low,2,0,4G,Indoor,Energy Efficiency
853,53,98,1,1,58,66,32,Sensor,Low,2,1,WiFi,Indoor,Energy Efficiency
854,15,65,81,1,53,54,15,Video,High,7,0,WiFi,Outdoor,Low Latency
855,70,26,42,1,59,52,28,Video,Low,7,0,5G,Outdoor,Energy Efficiency
856,14,55,67,5,70,89,18,Image,High,10,1,4G,Outdoor,Low Latency
857,16,46,3,1,64,92,10,Sensor,Low,8,1,4G,Indoor,Low Latency
858,78,9,14,1,86,66,10,Video,Medium,4,0,4G,Indoor,Low Latency
859,30,58,45,2,59,92,14,Video,Low,1,1,4G,Indoor,Low Latency
860,18,89,27,5,65,63,37,Image,High,10,1,4G,Indoor,Energy Efficiency
861,15,58,27,2,60,100,30,Sensor,Medium,7,0,WiFi,Outdoor,Energy Efficiency
862,86,33,62,3,94,66,5,Image,Low,3,1,5G,Indoor,Energy Efficiency
863,92,7,89,2,50,59,50,Sensor,Low,2,0,4G,Outdoor,Low Latency
864,77,97,96,4,82,77,36,Video,High,9,0,WiFi,Indoor,Energy Efficiency
865,96,52,28,1,95,59,34,Image,High,6,1,4G,Outdoor,Low Latency
866,8,32,88,4,61,94,22,Image,Low,8,0,WiFi,Indoor,Low Latency
867,56,42,77,3,86,53,11,Image,Medium,6,0,4G,Indoor,Energy Efficiency
868,52,92,69,2,77,97,48,Image,Low,4,1,WiFi,Outdoor,Energy Efficiency
869,25,26,8,2,82,58,31,Image,High,2,0,5G,Indoor,Energy Efficiency
870,71,45,7,4,89,100,15,Video,Low,9,1,4G,Outdoor,Low Latency
871,54,7,62,1,58,95,39,Video,High,7,1,WiFi,Outdoor,Energy Efficiency
872,57,86,5,1,77,50,9,Video,Medium,8,0,WiFi,Indoor,Low Latency
873,41,50,63,2,55,60,18,Sensor,Medium,4,0,5G,Outdoor,Energy Efficiency
874,0,77,27,5,58,88,30,Image,Medium,1,1,WiFi,Outdoor,Energy Efficiency
875,66,46,50,2,69,99,9,Sensor,Low,4,0,WiFi,Indoor,Energy Efficiency
876,11,83,68,4,58,54,43,Sensor,Medium,8,0,5G,Indoor,Low Latency
877,100,6,68,1,92,83,21,Image,High,6,0,WiFi,Outdoor,Low Latency
878,93,27,81,4,80,63,32,Video,High,7,1,WiFi,Outdoor,Low Latency
879,6,87,81,4,80,94,19,Sensor,Low,3,1,4G,Outdoor,Low Latency
880,57,98,83,2,80,71,26,Sensor,High,5,1,4G,Outdoor,Low Latency
881,49,19,24,1,56,71,24,Sensor,High,4,0,WiFi,Outdoor,Low Latency
882,38,70,86,5,96,72,23,Image,Low,5,0,WiFi,Outdoor,Low Latency
883,68,51,69,2,67,84,41,Image,High,4,1,WiFi,Outdoor,Low Latency
884,57,38,31,2,95,62,31,Video,High,7,1,4G,Outdoor,Low Latency
885,56,4,50,3,68,77,35,Image,Low,1,0,WiFi,Outdoor,Energy Efficiency
886,62,56,85,5,54,88,15,Image,Medium,1,0,5G,Outdoor,Low Latency
887,100,60,49,5,94,85,11,Sensor,Medium,7,1,WiFi,Indoor,Energy Efficiency
888,20,94,49,1,75,75,28,Image,Low,1,0,WiFi,Indoor,Low Latency
889,47,47,32,1,71,86,35,Video,Low,10,0,WiFi,Outdoor,Energy Efficiency
890,81,29,1,5,85,66,20,Video,Low,10,0,4G,Outdoor,Low Latency
891,94,83,85,2,64,52,40,Video,Medium,6,0,4G,Outdoor,Low Latency
892,88,47,37,2,70,75,24,Sensor,High,8,0,WiFi,Indoor,Low Latency
893,43,7,32,5,61,98,34,Image,High,7,1,WiFi,Outdoor,Low Latency
894,18,52,39,1,95,92,45,Image,Low,6,1,5G,Indoor,Energy Efficiency
895,50,91,66,1,55,88,23,Sensor,Low,2,1,4G,Outdoor,Energy Efficiency
896,57,14,10,2,51,90,33,Sensor,Low,7,1,4G,Outdoor,Low Latency
897,82,28,72,5,88,55,14,Video,Medium,7,1,WiFi,Indoor,Energy Efficiency
898,32,89,55,4,98,72,40,Image,Low,10,1,WiFi,Outdoor,Low Latency
899,55,20,3,3,72,85,44,Video,Low,1,0,WiFi,Indoor,Low Latency
900,76,81,57,3,62,67,35,Sensor,Medium,1,1,WiFi,Indoor,Energy Efficiency
901,4,19,53,3,75,57,33,Sensor,Low,10,1,5G,Indoor,Energy Efficiency
902,34,8,72,2,95,77,21,Video,Medium,4,1,5G,Outdoor,Energy Efficiency
903,88,94,28,3,53,63,43,Image,Medium,9,0,4G,Outdoor,Low Latency
904,24,68,10,3,53,89,7,Image,High,1,1,WiFi,Indoor,Energy Efficiency
905,25,98,88,3,90,63,40,Video,Medium,4,0,5G,Outdoor,Energy Efficiency
906,0,82,50,3,51,73,27,Video,High,9,1,WiFi,Indoor,Low Latency
907,23,26,50,5,71,55,21,Video,Medium,10,0,WiFi,Indoor,Low Latency
908,57,61,80,3,50,84,44,Video,Medium,2,0,4G,Outdoor,Low Latency
909,19,14,17,1,50,75,27,Sensor,Medium,6,0,5G,Indoor,Low Latency
910,20,94,86,1,95,65,12,Video,High,6,0,5G,Indoor,Energy Efficiency
911,18,47,27,3,96,61,41,Video,Low,9,0,5G,Outdoor,Energy Efficiency
912,93,94,34,4,71,51,31,Image,Low,9,1,WiFi,Indoor,Low Latency
913,24,91,1,2,54,51,22,Image,High,9,0,WiFi,Indoor,Energy Efficiency
914,96,97,30,1,73,77,36,Video,Low,1,0,4G,Indoor,Energy Efficiency
915,50,87,33,3,84,100,43,Image,Medium,5,0,5G,Outdoor,Low Latency
916,40,58,55,2,91,68,28,Video,Medium,6,1,5G,Outdoor,Low Latency
917,86,82,87,2,90,55,39,Image,Medium,8,1,WiFi,Outdoor,Energy Efficiency
918,88,12,84,3,64,58,26,Sensor,Low,3,1,4G,Indoor,Energy Efficiency
919,43,15,27,2,65,74,49,Sensor,Low,10,1,5G,Indoor,Energy Efficiency
920,7,59,47,1,82,90,16,Sensor,Medium,9,1,5G,Indoor,Low Latency
921,74,44,29,4,54,64,20,Sensor,Medium,10,0,4G,Indoor,Low Latency
922,27,23,61,4,75,80,35,Sensor,High,4,0,5G,Outdoor,Low Latency
923,24,58,44,2,66,55,10,Sensor,High,3,0,WiFi,Outdoor,Energy Efficiency
924,86,62,87,5,79,88,21,Sensor,High,5,1,4G,Indoor,Low Latency
925,14,32,5,5,57,50,30,Video,Low,3,1,5G,Outdoor,Energy Efficiency
926,3,44,11,4,76,81,49,Video,High,4,1,4G,Indoor,Energy Efficiency
927,86,94,11,5,52,91,8,Image,Low,9,1,4G,Indoor,Energy Efficiency
928,61,29,36,2,80,66,7,Video,High,3,1,4G,Outdoor,Energy Efficiency
929,93,77,23,1,56,54,10,Video,Low,6,1,4G,Indoor,Low Latency
930,20,36,97,1,65,69,25,Video,Low,9,1,5G,Outdoor,Energy Efficiency
931,51,62,80,4,81,81,15,Image,Medium,3,0,WiFi,Outdoor,Low Latency
932,66,94,61,1,90,92,29,Sensor,Low,7,0,5G,Outdoor,Low Latency
933,72,46,84,2,86,53,50,Video,High,1,0,WiFi,Outdoor,Low Latency
934,33,71,35,1,67,80,20,Sensor,Low,5,0,WiFi,Outdoor,Energy Efficiency
935,71,91,0,5,54,93,50,Video,Low,1,1,WiFi,Outdoor,Low Latency
936,11,0,4,5,79,87,49,Video,Low,5,1,5G,Outdoor,Energy Efficiency
937,74,8,30,4,76,74,5,Image,High,5,1,WiFi,Indoor,Energy Efficiency
938,15,15,9,2,89,60,48,Video,Low,8,1,WiFi,Indoor,Low Latency
939,73,54,59,4,94,74,8,Sensor,Low,5,1,WiFi,Indoor,Energy Efficiency
940,68,60,87,5,74,56,24,Image,Low,2,1,4G,Indoor,Low Latency
941,50,45,48,2,75,72,12,Video,Medium,7,1,WiFi,Outdoor,Energy Efficiency
942,10,59,82,4,85,74,35,Image,Medium,5,1,WiFi,Indoor,Energy Efficiency
943,4,82,40,1,52,53,28,Video,Medium,3,0,4G,Outdoor,Energy Efficiency
944,73,29,13,5,88,81,25,Sensor,Medium,9,1,5G,Outdoor,Energy Efficiency
945,90,28,83,5,77,80,11,Video,Medium,9,0,5G,Indoor,Energy Efficiency
946,73,91,4,3,89,81,45,Sensor,High,5,1,5G,Outdoor,Energy Efficiency
947,34,21,16,2,75,91,29,Image,Low,1,1,4G,Indoor,Low Latency
948,11,77,55,3,59,73,44,Video,High,10,1,WiFi,Indoor,Energy Efficiency
949,94,50,11,1,63,89,15,Image,Medium,8,1,4G,Indoor,Low Latency
950,88,43,32,2,65,63,41,Image,Low,6,1,WiFi,Outdoor,Low Latency
951,77,77,60,1,67,97,43,Sensor,Medium,1,0,4G,Outdoor,Low Latency
952,82,48,54,3,64,68,33,Sensor,High,4,0,5G,Outdoor,Energy Efficiency
953,55,52,32,3,64,89,48,Image,Medium,2,0,4G,Outdoor,Energy Efficiency
954,51,91,64,3,75,88,39,Sensor,Medium,7,1,4G,Indoor,Low Latency
955,88,63,78,3,76,56,10,Sensor,High,3,0,WiFi,Outdoor,Energy Efficiency
956,58,86,49,4,72,87,47,Image,High,10,1,WiFi,Indoor,Low Latency
957,2,59,79,5,80,51,40,Sensor,Medium,10,1,4G,Outdoor,Energy Efficiency
958,5,1,26,3,71,50,39,Sensor,Low,3,0,WiFi,Indoor,Low Latency
959,71,66,37,2,68,96,14,Image,High,8,0,WiFi,Indoor,Energy Efficiency
960,11,73,21,4,80,97,39,Image,Medium,2,0,4G,Indoor,Low Latency
961,83,12,52,5,69,67,26,Video,Medium,7,0,4G,Outdoor,Energy Efficiency
962,52,27,7,5,79,68,5,Video,Medium,8,1,5G,Outdoor,Energy Efficiency
963,76,34,91,5,75,93,41,Video,Low,3,1,4G,Indoor,Energy Efficiency
964,40,56,35,3,93,67,26,Image,Medium,4,1,WiFi,Indoor,Energy Efficiency
965,64,37,13,1,52,71,46,Video,Low,3,1,5G,Outdoor,Low Latency
966,48,87,40,3,95,63,15,Video,Low,8,1,4G,Indoor,Low Latency
967,96,49,59,3,63,74,11,Sensor,High,6,0,WiFi,Outdoor,Low Latency
968,45,76,38,5,85,54,25,Sensor,Medium,8,0,4G,Indoor,Energy Efficiency
969,45,0,8,4,75,73,41,Video,Low,4,0,5G,Outdoor,Energy Efficiency
970,55,65,16,1,56,76,25,Image,High,8,0,WiFi,Outdoor,Low Latency
971,94,13,17,4,80,78,42,Image,Low,7,1,4G,Indoor,Low Latency
972,42,58,26,2,78,63,11,Sensor,Medium,8,0,5G,Outdoor,Energy Efficiency
973,30,78,27,2,66,76,10,Sensor,High,5,0,WiFi,Indoor,Energy Efficiency
974,80,85,32,4,65,55,43,Image,Low,2,0,WiFi,Indoor,Low Latency
975,78,0,17,2,74,88,9,Sensor,Medium,8,0,5G,Outdoor,Low Latency
976,63,45,83,2,92,64,9,Video,High,6,0,4G,Outdoor,Energy Efficiency
977,64,71,31,4,50,85,29,Image,Low,5,1,WiFi,Indoor,Energy Efficiency
978,76,0,12,4,81,54,24,Image,Low,2,0,WiFi,Indoor,Energy Efficiency
979,61,77,12,1,75,60,33,Image,Medium,2,1,WiFi,Outdoor,Energy Efficiency
980,65,69,33,2,69,66,6,Video,Medium,9,0,4G,Indoor,Low Latency
981,72,7,47,5,90,79,27,Image,Low,9,1,4G,Outdoor,Energy Efficiency
982,60,1,10,4,70,89,9,Sensor,Low,8,1,WiFi,Outdoor,Low Latency
983,54,32,49,4,88,63,8,Video,Medium,8,1,WiFi,Outdoor,Low Latency
984,15,72,79,2,94,91,33,Video,Low,4,1,WiFi,Outdoor,Low Latency
985,23,54,95,3,74,77,18,Sensor,Low,4,0,4G,Outdoor,Low Latency
986,31,81,58,4,60,70,13,Image,Low,6,1,4G,Outdoor,Energy Efficiency
987,1,10,98,4,67,66,20,Sensor,High,2,1,4G,Outdoor,Low Latency
988,90,84,10,4,51,90,26,Image,Medium,2,1,4G,Outdoor,Energy Efficiency
989,10,11,37,2,54,59,29,Sensor,Medium,6,0,5G,Outdoor,Energy Efficiency
990,91,6,4,2,93,58,17,Sensor,High,7,0,5G,Outdoor,Low Latency
991,17,41,1,5,99,72,35,Image,Low,6,0,WiFi,Outdoor,Low Latency
992,35,50,50,3,79,100,26,Sensor,High,2,1,4G,Indoor,Energy Efficiency
993,65,15,65,2,50,80,33,Sensor,Low,10,0,5G,Outdoor,Low Latency
994,64,64,24,1,77,85,14,Image,Low,8,0,4G,Outdoor,Low Latency
995,69,36,69,5,100,63,32,Image,Low,2,0,5G,Indoor,Low Latency
996,50,15,50,4,59,72,39,Sensor,Medium,6,1,5G,Indoor,Energy Efficiency
997,12,46,24,4,93,71,28,Sensor,High,8,1,WiFi,Indoor,Energy Efficiency
998,51,9,25,1,77,81,26,Image,High,4,0,5G,Indoor,Energy Efficiency
999,29,17,96,1,67,69,34,Sensor,High,7,1,WiFi,Outdoor,Energy Efficiency
1000,5,80,55,4,73,97,26,Image,High,8,1,4G,Indoor,Low Latency
1001,95,41,9,5,99,91,20,Image,High,10,1,4G,Indoor,Low Latency
1002,27,87,57,1,91,78,49,Video,Low,3,0,4G,Indoor,Energy Efficiency
1003,7,55,59,2,90,86,48,Image,Low,10,1,4G,Indoor,Low Latency
1004,72,51,88,4,86,52,43,Image,Medium,4,1,5G,Outdoor,Energy Efficiency
1005,39,74,98,5,99,63,47,Sensor,High,8,1,5G,Outdoor,Low Latency
1006,18,76,95,5,80,76,13,Video,Medium,2,1,5G,Outdoor,Low Latency
1007,73,12,14,5,87,98,14,Image,Low,3,1,WiFi,Outdoor,Low Latency
1008,79,70,29,4,74,66,45,Sensor,High,7,1,5G,Indoor,Low Latency
1009,95,80,82,4,89,89,27,Sensor,High,6,0,4G,Indoor,Low Latency
1010,27,5,27,4,57,67,14,Video,High,10,0,WiFi,Indoor,Low Latency
1011,46,92,27,1,87,84,30,Image,High,9,1,WiFi,Outdoor,Low Latency
1012,5,38,66,1,58,82,44,Image,High,1,0,4G,Outdoor,Energy Efficiency
1013,24,14,19,2,98,83,42,Video,Low,3,0,WiFi,Indoor,Low Latency
1014,9,91,66,2,86,78,34,Image,High,8,1,WiFi,Outdoor,Energy Efficiency
1015,50,59,21,4,65,86,39,Image,High,3,0,WiFi,Outdoor,Low Latency
1016,72,72,45,2,84,60,25,Sensor,Medium,1,0,5G,Indoor,Energy Efficiency
1017,67,57,72,2,80,83,49,Sensor,High,6,1,4G,Outdoor,Low Latency
1018,20,78,67,5,59,61,5,Sensor,Low,6,0,4G,Indoor,Low Latency
1019,2,10,76,4,74,60,5,Sensor,High,3,1,4G,Outdoor,Energy Efficiency
1020,40,24,33,2,60,97,9,Image,High,4,1,5G,Indoor,Low Latency
1021,10,54,79,3,59,51,43,Sensor,Medium,3,1,4G,Indoor,Energy Efficiency
1022,19,54,16,3,96,78,16,Video,High,1,0,5G,Indoor,Low Latency
1023,66,70,39,2,68,69,42,Sensor,High,7,0,4G,Indoor,Energy Efficiency
1024,43,12,78,5,67,89,17,Video,Medium,5,1,5G,Outdoor,Energy Efficiency
1025,84,19,77,1,50,74,9,Image,Medium,2,0,WiFi,Outdoor,Energy Efficiency
1026,62,54,24,4,86,52,8,Sensor,High,6,0,4G,Outdoor,Low Latency
1027,4,54,32,1,88,59,13,Image,Medium,2,1,5G,Indoor,Energy Efficiency
1028,79,84,3,5,54,71,20,Video,High,2,1,4G,Outdoor,Low Latency
1029,77,47,83,3,52,86,40,Sensor,Medium,3,0,WiFi,Outdoor,Low Latency
1030,64,8,2,4,76,74,46,Sensor,Medium,6,1,4G,Outdoor,Low Latency
1031,17,99,92,2,59,84,16,Video,Medium,10,0,WiFi,Outdoor,Energy Efficiency
1032,48,57,14,4,71,91,47,Sensor,Medium,4,1,5G,Indoor,Energy Efficiency
1033,10,37,30,1,84,69,9,Video,Medium,2,0,4G,Indoor,Low Latency
1034,57,88,17,2,78,86,14,Sensor,High,7,0,WiFi,Indoor,Energy Efficiency
1035,43,45,98,4,90,92,46,Sensor,Medium,4,0,WiFi,Indoor,Energy Efficiency
1036,29,38,33,1,63,55,11,Video,Low,7,1,4G,Indoor,Energy Efficiency
1037,61,41,4,1,75,87,18,Sensor,High,9,1,5G,Indoor,Low Latency
1038,74,42,82,4,59,98,45,Image,Low,8,0,4G,Indoor,Energy Efficiency
1039,58,2,62,3,61,56,27,Video,High,3,1,WiFi,Indoor,Low Latency
1040,24,45,7,3,51,93,28,Sensor,High,9,1,4G,Indoor,Energy Efficiency
1041,95,74,17,2,89,97,26,Video,High,9,0,WiFi,Indoor,Energy Efficiency
1042,12,37,53,2,81,99,22,Image,High,2,0,4G,Indoor,Energy Efficiency
1043,35,47,17,4,81,65,25,Image,Medium,8,0,4G,Outdoor,Energy Efficiency
1044,73,23,24,3,84,100,31,Sensor,Low,3,0,WiFi,Indoor,Energy Efficiency
1045,62,30,48,2,58,86,9,Image,High,6,0,4G,Indoor,Energy Efficiency
1046,67,57,45,5,51,50,44,Video,Medium,9,0,5G,Indoor,Energy Efficiency
1047,34,87,32,4,75,72,39,Video,Low,1,1,WiFi,Outdoor,Energy Efficiency
1048,65,95,47,4,56,53,14,Image,Low,5,0,4G,Outdoor,Low Latency
1049,25,0,81,1,72,59,45,Image,Medium,10,1,5G,Outdoor,Low Latency
1050,29,84,5,3,63,61,19,Sensor,Low,8,1,WiFi,Outdoor,Low Latency
1051,45,93,46,4,70,98,43,Sensor,Medium,10,0,WiFi,Outdoor,Energy Efficiency
1052,69,97,62,3,65,65,48,Image,Low,2,1,4G,Indoor,Energy Efficiency
1053,44,96,51,4,96,90,27,Video,Medium,7,0,WiFi,Outdoor,Low Latency
1054,4,46,38,1,67,86,20,Image,Low,5,1,5G,Outdoor,Low Latency
1055,32,63,97,4,94,69,35,Sensor,High,2,1,WiFi,Outdoor,Energy Efficiency
1056,48,92,56,4,87,70,32,Video,Medium,6,1,WiFi,Indoor,Energy Efficiency
1057,31,0,32,1,59,60,46,Sensor,Medium,8,0,WiFi,Outdoor,Low Latency
1058,82,30,98,4,63,84,15,Sensor,High,5,0,4G,Outdoor,Low Latency
1059,38,34,44,2,63,74,20,Sensor,Medium,7,0,WiFi,Outdoor,Energy Efficiency
1060,59,71,18,2,54,85,32,Sensor,High,2,0,5G,Indoor,Energy Efficiency
1061,49,3,82,1,51,65,11,Sensor,Low,10,1,5G,Outdoor,Energy Efficiency
1062,24,76,16,5,88,75,15,Image,Medium,4,1,WiFi,Outdoor,Energy Efficiency
1063,4,2,54,2,72,81,18,Sensor,High,5,0,4G,Outdoor,Low Latency
1064,25,70,59,3,94,95,18,Sensor,High,10,1,WiFi,Outdoor,Low Latency
1065,33,66,82,3,96,53,34,Video,High,5,1,WiFi,Indoor,Low Latency
1066,68,29,34,3,83,73,24,Image,Medium,9,1,WiFi,Outdoor,Energy Efficiency
1067,96,93,4,4,78,82,19,Image,Medium,2,0,WiFi,Indoor,Energy Efficiency
1068,58,87,30,4,79,68,26,Video,Medium,2,1,WiFi,Indoor,Energy Efficiency
1069,88,69,95,1,82,58,16,Video,Medium,6,1,5G,Indoor,Energy Efficiency
1070,99,29,39,2,78,95,5,Image,Low,1,1,4G,Indoor,Low Latency
1071,80,87,23,1,96,92,43,Image,Medium,8,1,WiFi,Indoor,Low Latency
1072,20,42,34,2,60,56,33,Video,Medium,7,1,4G,Outdoor,Energy Efficiency
1073,94,88,4,4,76,59,47,Video,High,2,1,WiFi,Indoor,Energy Efficiency
1074,17,36,27,5,85,90,17,Image,Medium,9,1,4G,Indoor,Low Latency
1075,33,65,23,3,53,88,49,Video,Medium,1,1,5G,Indoor,Energy Efficiency
1076,0,40,10,1,83,98,22,Video,Low,6,0,5G,Indoor,Energy Efficiency
1077,73,38,39,1,82,61,5,Image,Low,8,1,5G,Outdoor,Low Latency
1078,12,1,55,2,76,93,49,Sensor,Low,2,0,WiFi,Outdoor,Energy Efficiency
1079,10,56,77,2,61,99,32,Image,High,10,1,4G,Indoor,Low Latency
1080,58,37,6,2,90,56,34,Video,Low,1,0,WiFi,Outdoor,Energy Efficiency
1081,19,85,17,4,65,59,24,Sensor,Low,5,1,5G,Outdoor,Low Latency
1082,44,40,72,5,99,68,47,Video,Medium,1,1,WiFi,Indoor,Low Latency
1083,92,82,12,5,100,98,33,Video,Medium,7,0,5G,Outdoor,Energy Efficiency
1084,84,23,82,5,63,87,8,Image,Low,8,0,5G,Outdoor,Energy Efficiency
1085,11,23,71,1,63,67,29,Image,Low,8,1,WiFi,Outdoor,Energy Efficiency
1086,80,94,69,2,62,90,21,Image,High,7,0,5G,Indoor,Energy Efficiency
1087,28,40,29,2,93,86,42,Image,Medium,6,1,WiFi,Outdoor,Energy Efficiency
1088,51,95,72,1,67,61,39,Image,High,1,1,5G,Outdoor,Low Latency
1089,16,11,93,4,89,57,24,Video,High,8,0,4G,Indoor,Low Latency
1090,91,70,25,1,53,73,17,Image,Low,8,0,5G,Indoor,Low Latency
1091,28,10,95,4,99,51,34,Image,Low,5,0,WiFi,Indoor,Energy Efficiency
1092,14,54,34,5,82,66,8,Video,Medium,6,1,WiFi,Outdoor,Energy Efficiency
1093,21,20,34,3,61,64,47,Sensor,Medium,1,1,4G,Indoor,Energy Efficiency
1094,8,36,63,3,81,69,15,Image,Medium,2,1,4G,Outdoor,Energy Efficiency
1095,21,8,94,5,64,60,7,Sensor,Medium,10,0,5G,Outdoor,Energy Efficiency
1096,98,27,13,4,74,62,5,Video,Medium,5,0,WiFi,Outdoor,Energy Efficiency
1097,39,75,37,1,65,59,26,Video,Medium,7,0,WiFi,Indoor,Energy Efficiency
1098,32,76,68,2,55,89,28,Video,Low,6,1,WiFi,Indoor,Energy Efficiency
1099,39,69,68,4,54,67,9,Video,Low,3,1,4G,Outdoor,Energy Efficiency
1100,90,19,98,4,90,64,31,Sensor,Medium,1,0,4G,Outdoor,Low Latency
1101,58,89,58,1,85,96,47,Sensor,High,7,0,WiFi,Indoor,Low Latency
1102,99,42,65,5,95,54,45,Image,Medium,4,0,4G,Outdoor,Energy Efficiency
1103,43,63,6,2,60,92,37,Image,High,9,1,WiFi,Indoor,Low Latency
1104,35,69,46,1,59,70,8,Image,High,5,1,WiFi,Outdoor,Low Latency
1105,31,100,70,2,58,88,8,Sensor,Medium,3,0,WiFi,Outdoor,Energy Efficiency
1106,45,37,38,4,88,76,22,Sensor,Medium,8,1,WiFi,Outdoor,Low Latency
1107,48,33,51,5,94,75,14,Sensor,Low,8,0,4G,Indoor,Low Latency
1108,84,17,80,1,86,91,47,Video,Low,2,1,5G,Outdoor,Energy Efficiency
1109,0,77,77,5,60,94,6,Video,Medium,3,1,4G,Indoor,Low Latency
1110,41,79,39,3,52,92,7,Image,Low,9,1,5G,Indoor,Energy Efficiency
1111,72,47,45,3,97,82,23,Sensor,Medium,5,0,5G,Indoor,Energy Efficiency
1112,45,26,11,1,63,59,45,Video,Medium,2,1,5G,Outdoor,Low Latency
1113,17,99,33,3,95,51,7,Sensor,Low,3,1,5G,Outdoor,Energy Efficiency
1114,52,34,81,1,70,93,41,Sensor,Medium,7,1,WiFi,Indoor,Low Latency
1115,64,43,32,4,95,98,48,Video,Low,3,1,5G,Indoor,Low Latency
1116,55,56,61,3,67,52,31,Image,High,9,0,5G,Indoor,Low Latency
1117,42,9,61,5,81,95,28,Sensor,Medium,9,1,WiFi,Outdoor,Low Latency
1118,59,50,41,2,77,63,33,Sensor,Low,7,1,5G,Outdoor,Low Latency
1119,13,53,93,2,55,75,16,Sensor,Medium,1,1,WiFi,Indoor,Energy Efficiency
1120,13,96,52,3,72,92,42,Sensor,Low,1,0,5G,Indoor,Energy Efficiency
1121,71,6,48,5,53,96,8,Sensor,High,4,0,WiFi,Indoor,Energy Efficiency
1122,26,87,35,1,66,90,19,Video,High,2,0,WiFi,Indoor,Low Latency
1123,85,47,35,1,90,67,37,Sensor,Medium,6,0,5G,Outdoor,Low Latency
1124,49,53,67,4,71,98,27,Video,Low,3,0,4G,Outdoor,Energy Efficiency
1125,51,31,64,4,71,88,6,Sensor,Low,3,0,4G,Indoor,Low Latency
1126,2,62,1,1,66,84,44,Sensor,High,9,0,4G,Indoor,Low Latency
1127,50,42,53,1,59,61,19,Video,High,9,1,4G,Indoor,Energy Efficiency
1128,46,63,100,4,96,85,48,Video,Low,6,1,5G,Outdoor,Energy Efficiency
1129,37,77,19,4,68,74,38,Image,High,10,1,WiFi,Indoor,Energy Efficiency
1130,42,4,92,5,100,99,27,Image,Medium,5,1,5G,Outdoor,Low Latency
1131,86,32,59,2,96,70,25,Sensor,Medium,10,1,WiFi,Outdoor,Energy Efficiency
1132,52,35,16,1,82,65,8,Video,Low,6,1,5G,Outdoor,Energy Efficiency
1133,58,14,64,1,60,64,44,Video,Medium,7,1,5G,Outdoor,Energy Efficiency
1134,12,54,54,2,53,59,38,Image,Low,4,0,WiFi,Outdoor,Energy Efficiency
1135,89,82,52,1,91,87,32,Image,Medium,3,0,4G,Indoor,Energy Efficiency
1136,84,16,80,2,66,92,27,Video,Low,2,1,4G,Outdoor,Energy Efficiency
1137,72,40,98,3,78,74,42,Video,High,7,0,5G,Indoor,Low Latency
1138,35,77,78,3,76,98,21,Image,Low,1,1,5G,Outdoor,Low Latency
1139,10,14,48,5,91,66,31,Image,Medium,2,0,4G,Indoor,Low Latency
1140,29,0,94,4,55,90,7,Video,Medium,1,1,WiFi,Indoor,Energy Efficiency
1141,32,95,96,1,67,58,9,Image,Medium,9,0,4G,Indoor,Energy Efficiency
1142,9,58,97,3,97,90,30,Video,Medium,8,1,WiFi,Indoor,Low Latency
1143,42,57,21,2,66,92,17,Image,High,9,1,WiFi,Outdoor,Energy Efficiency
1144,60,84,97,1,68,68,13,Image,Medium,3,0,WiFi,Outdoor,Energy Efficiency
1145,23,80,66,2,55,82,34,Sensor,High,9,1,4G,Indoor,Low Latency
1146,9,87,61,1,80,59,7,Sensor,Medium,3,0,WiFi,Indoor,Energy Efficiency
1147,38,29,46,5,73,54,16,Image,High,1,0,WiFi,Indoor,Low Latency
1148,64,13,6,4,72,87,13,Image,High,2,1,4G,Outdoor,Energy Efficiency
1149,25,13,67,3,61,76,8,Image,Medium,2,0,WiFi,Outdoor,Low Latency
1150,23,86,35,4,50,66,24,Image,High,4,0,4G,Indoor,Low Latency
1151,60,52,4,5,73,65,38,Image,High,7,0,4G,Indoor,Low Latency
1152,15,81,26,2,64,91,28,Video,High,1,0,5G,Indoor,Energy Efficiency
1153,20,73,76,3,83,92,45,Image,High,7,1,WiFi,Outdoor,Low Latency
1154,96,80,98,5,79,55,13,Image,High,4,0,5G,Indoor,Energy Efficiency
1155,54,37,80,2,51,62,10,Sensor,High,3,1,5G,Indoor,Low Latency
1156,94,77,52,2,60,67,49,Video,Medium,4,1,WiFi,Indoor,Energy Efficiency
1157,59,53,69,1,53,79,47,Video,Low,8,1,4G,Indoor,Low Latency
1158,5,68,67,2,74,63,32,Image,Low,1,0,4G,Indoor,Low Latency
1159,84,88,11,3,51,80,22,Image,Medium,1,0,WiFi,Outdoor,Energy Efficiency
1160,75,66,27,1,67,92,26,Image,High,4,1,5G,Indoor,Energy Efficiency
1161,51,75,79,2,50,72,40,Sensor,High,10,0,5G,Outdoor,Energy Efficiency
1162,68,56,99,1,67,80,6,Sensor,Low,10,0,4G,Outdoor,Low Latency
1163,92,29,23,3,60,71,46,Sensor,High,10,1,WiFi,Indoor,Low Latency
1164,65,87,40,1,74,89,38,Image,High,10,1,5G,Indoor,Low Latency
1165,91,41,4,3,93,61,32,Sensor,Medium,10,1,4G,Outdoor,Energy Efficiency
1166,17,69,11,1,73,65,36,Video,Medium,8,1,WiFi,Indoor,Energy Efficiency
1167,76,15,81,1,80,51,47,Image,High,8,0,5G,Outdoor,Low Latency
1168,32,13,1,3,69,89,31,Sensor,Medium,10,1,4G,Indoor,Low Latency
1169,85,28,70,3,65,66,47,Sensor,High,2,1,WiFi,Indoor,Low Latency
1170,47,45,18,2,72,99,9,Sensor,High,1,0,WiFi,Outdoor,Low Latency
1171,47,81,57,4,65,82,37,Video,Medium,9,0,WiFi,Outdoor,Energy Efficiency
1172,66,42,48,1,93,65,38,Video,Medium,5,0,WiFi,Outdoor,Low Latency
1173,6,96,70,4,74,91,24,Video,High,6,0,5G,Outdoor,Energy Efficiency
1174,100,46,65,4,81,53,11,Sensor,High,5,1,4G,Indoor,Low Latency
1175,34,29,62,1,92,54,22,Video,Low,4,0,4G,Outdoor,Low Latency
1176,18,2,46,4,61,58,16,Image,High,3,0,4G,Indoor,Energy Efficiency
1177,43,69,31,4,73,62,38,Video,Low,5,0,4G,Outdoor,Energy Efficiency
1178,69,16,59,3,95,92,25,Image,Low,3,0,4G,Indoor,Energy Efficiency
1179,3,16,1,4,85,72,20,Sensor,Medium,6,0,WiFi,Indoor,Low Latency
1180,62,70,84,4,78,59,40,Sensor,Medium,8,0,5G,Indoor,Low Latency
1181,77,60,14,4,90,90,24,Sensor,Low,1,1,4G,Indoor,Low Latency
1182,42,50,25,1,51,75,12,Sensor,High,6,0,5G,Indoor,Low Latency
1183,67,15,22,2,95,89,5,Sensor,High,4,0,4G,Indoor,Energy Efficiency
1184,67,46,31,1,56,72,12,Sensor,Medium,10,1,4G,Indoor,Low Latency
1185,96,34,34,4,53,70,6,Sensor,Medium,1,1,WiFi,Indoor,Low Latency
1186,31,70,1,3,92,78,8,Image,High,1,1,5G,Outdoor,Low Latency
1187,48,69,2,2,62,99,9,Video,Low,9,0,4G,Indoor,Energy Efficiency
1188,41,55,31,3,87,94,49,Sensor,High,2,0,5G,Outdoor,Energy Efficiency
1189,47,54,92,3,83,98,23,Image,Medium,8,1,5G,Indoor,Low Latency
1190,1,29,76,3,65,66,7,Image,High,9,0,4G,Indoor,Low Latency
1191,98,97,71,3,91,72,6,Image,High,5,1,WiFi,Outdoor,Energy Efficiency
1192,22,59,87,4,80,88,39,Sensor,Low,10,1,WiFi,Indoor,Low Latency
1193,44,29,55,5,75,100,45,Video,Medium,6,0,4G,Indoor,Low Latency
1194,54,60,89,3,77,82,46,Sensor,Low,4,1,WiFi,Outdoor,Low Latency
1195,5,31,45,5,62,55,25,Sensor,Low,5,1,4G,Indoor,Low Latency
1196,35,99,62,1,95,79,31,Sensor,Medium,10,1,5G,Indoor,Energy Efficiency
1197,85,18,95,2,95,52,20,Video,High,10,1,5G,Outdoor,Energy Efficiency
1198,1,14,80,5,65,58,8,Sensor,Low,6,0,4G,Indoor,Low Latency
1199,94,41,51,3,90,63,40,Video,Medium,2,0,4G,Indoor,Low Latency
1200,18,6,29,2,50,83,8,Image,High,2,1,4G,Outdoor,Low Latency
